-- phpMyAdmin SQL Dump
-- version 4.1.12
-- http://www.phpmyadmin.net
--
-- Servidor: localhost:8889
-- Tiempo de generación: 09-03-2015 a las 12:45:55
-- Versión del servidor: 5.5.34
-- Versión de PHP: 5.5.10

SET SQL_MODE = "NO_AUTO_VALUE_ON_ZERO";
SET time_zone = "+00:00";

--
-- Base de datos: `ttii`
--

-- --------------------------------------------------------

--
-- Estructura de tabla para la tabla `asignacion_salas`
--

CREATE TABLE `asignacion_salas` (
  `ID_asignacion` int(11) NOT NULL AUTO_INCREMENT,
  `ID_PDF_asignacion` int(11) DEFAULT NULL,
  `ID_ramos_asignacion` int(11) DEFAULT NULL,
  `ID_seccion_asignacion` int(11) DEFAULT NULL,
  `ID_profe_asignacion` int(11) NOT NULL,
  `ID_sala_asignacion` int(11) DEFAULT NULL,
  `ID_periodo_asignacion` int(11) DEFAULT NULL,
  PRIMARY KEY (`ID_asignacion`),
  KEY `ID_PDF_asignacion` (`ID_PDF_asignacion`),
  KEY `ID_ramo_asignacion` (`ID_ramos_asignacion`),
  KEY `ID_seccion_asignacion` (`ID_seccion_asignacion`),
  KEY `ID_periodo_asignacion` (`ID_periodo_asignacion`),
  KEY `ID_sala_asignacion` (`ID_sala_asignacion`)
) ENGINE=InnoDB  DEFAULT CHARSET=utf8 AUTO_INCREMENT=437 ;

--
-- Volcado de datos para la tabla `asignacion_salas`
--

INSERT INTO `asignacion_salas` (`ID_asignacion`, `ID_PDF_asignacion`, `ID_ramos_asignacion`, `ID_seccion_asignacion`, `ID_profe_asignacion`, `ID_sala_asignacion`, `ID_periodo_asignacion`) VALUES
(1, NULL, NULL, NULL, 0, 1, 1),
(2, NULL, NULL, NULL, 0, 1, 2),
(3, NULL, NULL, NULL, 0, 1, 3),
(4, NULL, NULL, NULL, 0, 1, 4),
(5, NULL, NULL, NULL, 0, 1, 5),
(6, NULL, NULL, NULL, 0, 1, 6),
(7, NULL, NULL, NULL, 0, 1, 7),
(8, NULL, NULL, NULL, 0, 1, 8),
(9, NULL, NULL, NULL, 0, 1, 9),
(10, NULL, NULL, NULL, 0, 1, 10),
(11, NULL, NULL, NULL, 0, 1, 11),
(12, NULL, NULL, NULL, 0, 1, 12),
(13, NULL, NULL, NULL, 0, 1, 13),
(14, NULL, NULL, NULL, 0, 1, 14),
(15, NULL, NULL, NULL, 0, 1, 15),
(16, NULL, NULL, NULL, 0, 1, 16),
(17, NULL, NULL, NULL, 0, 1, 17),
(18, NULL, NULL, NULL, 0, 1, 18),
(19, NULL, NULL, NULL, 0, 1, 19),
(20, NULL, NULL, NULL, 0, 1, 20),
(21, NULL, NULL, NULL, 0, 1, 21),
(22, NULL, NULL, NULL, 0, 1, 22),
(23, NULL, NULL, NULL, 0, 1, 23),
(24, NULL, NULL, NULL, 0, 1, 24),
(25, NULL, NULL, NULL, 0, 1, 25),
(26, NULL, NULL, NULL, 0, 1, 26),
(27, NULL, NULL, NULL, 0, 1, 27),
(28, NULL, NULL, NULL, 0, 1, 28),
(29, NULL, NULL, NULL, 0, 1, 29),
(30, NULL, NULL, NULL, 0, 2, 1),
(31, NULL, NULL, NULL, 0, 2, 2),
(32, NULL, NULL, NULL, 0, 2, 3),
(33, NULL, NULL, NULL, 0, 2, 4),
(34, NULL, NULL, NULL, 0, 2, 5),
(35, NULL, NULL, NULL, 0, 2, 6),
(36, NULL, NULL, NULL, 0, 2, 7),
(37, NULL, NULL, NULL, 0, 2, 8),
(38, NULL, NULL, NULL, 0, 2, 9),
(39, NULL, NULL, NULL, 0, 2, 10),
(40, NULL, NULL, NULL, 0, 2, 11),
(41, NULL, NULL, NULL, 0, 2, 12),
(42, NULL, NULL, NULL, 0, 2, 13),
(43, NULL, NULL, NULL, 0, 2, 14),
(44, NULL, NULL, NULL, 0, 2, 15),
(45, NULL, NULL, NULL, 0, 2, 16),
(46, NULL, NULL, NULL, 0, 2, 17),
(47, NULL, NULL, NULL, 0, 2, 18),
(48, NULL, NULL, NULL, 0, 2, 19),
(49, NULL, NULL, NULL, 0, 2, 20),
(50, NULL, NULL, NULL, 0, 2, 21),
(51, NULL, NULL, NULL, 0, 2, 22),
(52, NULL, NULL, NULL, 0, 2, 23),
(53, NULL, NULL, NULL, 0, 2, 24),
(54, NULL, NULL, NULL, 0, 2, 25),
(55, NULL, NULL, NULL, 0, 2, 26),
(56, NULL, NULL, NULL, 0, 2, 27),
(57, NULL, NULL, NULL, 0, 2, 28),
(58, NULL, NULL, NULL, 0, 2, 29),
(59, NULL, NULL, NULL, 0, 3, 1),
(60, NULL, NULL, NULL, 0, 3, 2),
(61, NULL, NULL, NULL, 0, 3, 3),
(62, NULL, NULL, NULL, 0, 3, 4),
(63, NULL, NULL, NULL, 0, 3, 5),
(64, NULL, NULL, NULL, 0, 3, 6),
(65, NULL, NULL, NULL, 0, 3, 7),
(66, NULL, NULL, NULL, 0, 3, 8),
(67, NULL, NULL, NULL, 0, 3, 9),
(68, NULL, NULL, NULL, 0, 3, 10),
(69, NULL, NULL, NULL, 0, 3, 11),
(70, NULL, NULL, NULL, 0, 3, 12),
(71, NULL, NULL, NULL, 0, 3, 13),
(72, NULL, NULL, NULL, 0, 3, 14),
(73, NULL, NULL, NULL, 0, 3, 15),
(74, NULL, NULL, NULL, 0, 3, 16),
(75, NULL, NULL, NULL, 0, 3, 17),
(76, NULL, NULL, NULL, 0, 3, 18),
(77, NULL, NULL, NULL, 0, 3, 19),
(78, NULL, NULL, NULL, 0, 3, 20),
(79, NULL, NULL, NULL, 0, 3, 21),
(80, NULL, NULL, NULL, 0, 3, 22),
(81, NULL, NULL, NULL, 0, 3, 23),
(82, NULL, NULL, NULL, 0, 3, 24),
(83, NULL, NULL, NULL, 0, 3, 25),
(84, NULL, NULL, NULL, 0, 3, 26),
(85, NULL, NULL, NULL, 0, 3, 27),
(86, NULL, NULL, NULL, 0, 3, 28),
(87, NULL, NULL, NULL, 0, 3, 29),
(88, NULL, NULL, NULL, 0, 4, 1),
(89, NULL, NULL, NULL, 0, 4, 2),
(90, NULL, NULL, NULL, 0, 4, 3),
(91, NULL, NULL, NULL, 0, 4, 4),
(92, NULL, NULL, NULL, 0, 4, 5),
(93, NULL, NULL, NULL, 0, 4, 6),
(94, NULL, NULL, NULL, 0, 4, 7),
(95, NULL, NULL, NULL, 0, 4, 8),
(96, NULL, NULL, NULL, 0, 4, 9),
(97, NULL, NULL, NULL, 0, 4, 10),
(98, NULL, NULL, NULL, 0, 4, 11),
(99, NULL, NULL, NULL, 0, 4, 12),
(100, NULL, NULL, NULL, 0, 4, 13),
(101, NULL, NULL, NULL, 0, 4, 14),
(102, NULL, NULL, NULL, 0, 4, 15),
(103, NULL, NULL, NULL, 0, 4, 16),
(104, NULL, NULL, NULL, 0, 4, 17),
(105, NULL, NULL, NULL, 0, 4, 18),
(106, NULL, NULL, NULL, 0, 4, 19),
(107, NULL, NULL, NULL, 0, 4, 20),
(108, NULL, NULL, NULL, 0, 4, 21),
(109, NULL, NULL, NULL, 0, 4, 22),
(110, NULL, NULL, NULL, 0, 4, 23),
(111, NULL, NULL, NULL, 0, 4, 24),
(112, NULL, NULL, NULL, 0, 4, 25),
(113, NULL, NULL, NULL, 0, 4, 26),
(114, NULL, NULL, NULL, 0, 4, 27),
(115, NULL, NULL, NULL, 0, 4, 28),
(116, NULL, NULL, NULL, 0, 4, 29),
(117, NULL, NULL, NULL, 0, 5, 1),
(118, NULL, NULL, NULL, 0, 5, 2),
(119, NULL, NULL, NULL, 0, 5, 3),
(120, NULL, NULL, NULL, 0, 5, 4),
(121, NULL, NULL, NULL, 0, 5, 5),
(122, NULL, NULL, NULL, 0, 5, 6),
(123, NULL, NULL, NULL, 0, 5, 7),
(124, NULL, NULL, NULL, 0, 5, 8),
(125, NULL, NULL, NULL, 0, 5, 9),
(126, NULL, NULL, NULL, 0, 5, 10),
(127, NULL, NULL, NULL, 0, 5, 11),
(128, NULL, NULL, NULL, 0, 5, 12),
(129, NULL, NULL, NULL, 0, 5, 13),
(130, NULL, NULL, NULL, 0, 5, 14),
(131, NULL, NULL, NULL, 0, 5, 15),
(132, NULL, NULL, NULL, 0, 5, 16),
(133, NULL, NULL, NULL, 0, 5, 17),
(134, NULL, NULL, NULL, 0, 5, 18),
(135, NULL, NULL, NULL, 0, 5, 19),
(136, NULL, NULL, NULL, 0, 5, 20),
(137, NULL, NULL, NULL, 0, 5, 21),
(138, NULL, NULL, NULL, 0, 5, 22),
(139, NULL, NULL, NULL, 0, 5, 23),
(140, NULL, NULL, NULL, 0, 5, 24),
(141, NULL, NULL, NULL, 0, 5, 25),
(142, NULL, NULL, NULL, 0, 5, 26),
(143, NULL, NULL, NULL, 0, 5, 27),
(144, NULL, NULL, NULL, 0, 5, 28),
(145, NULL, NULL, NULL, 0, 5, 29),
(146, NULL, NULL, NULL, 0, 6, 1),
(147, NULL, NULL, NULL, 0, 6, 2),
(148, NULL, NULL, NULL, 0, 6, 3),
(149, NULL, NULL, NULL, 0, 6, 4),
(150, NULL, NULL, NULL, 0, 6, 5),
(151, NULL, NULL, NULL, 0, 6, 6),
(152, NULL, NULL, NULL, 0, 6, 7),
(153, NULL, NULL, NULL, 0, 6, 8),
(154, NULL, NULL, NULL, 0, 6, 9),
(155, NULL, NULL, NULL, 0, 6, 10),
(156, NULL, NULL, NULL, 0, 6, 11),
(157, NULL, NULL, NULL, 0, 6, 12),
(158, NULL, NULL, NULL, 0, 6, 13),
(159, NULL, NULL, NULL, 0, 6, 14),
(160, NULL, NULL, NULL, 0, 6, 15),
(161, NULL, NULL, NULL, 0, 6, 16),
(162, NULL, NULL, NULL, 0, 6, 17),
(163, NULL, NULL, NULL, 0, 6, 18),
(164, NULL, NULL, NULL, 0, 6, 19),
(165, NULL, NULL, NULL, 0, 6, 20),
(166, NULL, NULL, NULL, 0, 6, 21),
(167, NULL, NULL, NULL, 0, 6, 22),
(168, NULL, NULL, NULL, 0, 6, 23),
(169, NULL, NULL, NULL, 0, 6, 24),
(170, NULL, NULL, NULL, 0, 6, 25),
(171, NULL, NULL, NULL, 0, 6, 26),
(172, NULL, NULL, NULL, 0, 6, 27),
(173, NULL, NULL, NULL, 0, 6, 28),
(174, NULL, NULL, NULL, 0, 6, 29),
(175, NULL, NULL, NULL, 0, 7, 1),
(176, NULL, NULL, NULL, 0, 7, 2),
(177, NULL, NULL, NULL, 0, 7, 3),
(178, NULL, NULL, NULL, 0, 7, 4),
(179, NULL, NULL, NULL, 0, 7, 5),
(180, NULL, NULL, NULL, 0, 7, 6),
(181, NULL, NULL, NULL, 0, 7, 7),
(182, NULL, NULL, NULL, 0, 7, 8),
(183, NULL, NULL, NULL, 0, 7, 9),
(184, NULL, NULL, NULL, 0, 7, 10),
(185, NULL, NULL, NULL, 0, 7, 11),
(186, NULL, NULL, NULL, 0, 7, 12),
(187, NULL, NULL, NULL, 0, 7, 13),
(188, NULL, NULL, NULL, 0, 7, 14),
(189, NULL, NULL, NULL, 0, 7, 15),
(190, NULL, NULL, NULL, 0, 7, 16),
(191, NULL, NULL, NULL, 0, 7, 17),
(192, NULL, NULL, NULL, 0, 7, 18),
(193, NULL, NULL, NULL, 0, 7, 19),
(194, NULL, NULL, NULL, 0, 7, 20),
(195, NULL, NULL, NULL, 0, 7, 21),
(196, NULL, NULL, NULL, 0, 7, 22),
(197, NULL, NULL, NULL, 0, 7, 23),
(198, NULL, NULL, NULL, 0, 7, 24),
(199, NULL, NULL, NULL, 0, 7, 25),
(200, NULL, NULL, NULL, 0, 7, 26),
(201, NULL, NULL, NULL, 0, 7, 27),
(202, NULL, NULL, NULL, 0, 7, 28),
(203, NULL, NULL, NULL, 0, 7, 29),
(204, NULL, NULL, NULL, 0, 8, 1),
(205, NULL, NULL, NULL, 0, 8, 2),
(206, NULL, NULL, NULL, 0, 8, 3),
(207, NULL, NULL, NULL, 0, 8, 4),
(208, NULL, NULL, NULL, 0, 8, 5),
(209, NULL, NULL, NULL, 0, 8, 6),
(210, NULL, NULL, NULL, 0, 8, 7),
(211, NULL, NULL, NULL, 0, 8, 8),
(212, NULL, NULL, NULL, 0, 8, 9),
(213, NULL, NULL, NULL, 0, 8, 10),
(214, NULL, NULL, NULL, 0, 8, 11),
(215, NULL, NULL, NULL, 0, 8, 12),
(216, NULL, NULL, NULL, 0, 8, 13),
(217, NULL, NULL, NULL, 0, 8, 14),
(218, NULL, NULL, NULL, 0, 8, 15),
(219, NULL, NULL, NULL, 0, 8, 16),
(220, NULL, NULL, NULL, 0, 8, 17),
(221, NULL, NULL, NULL, 0, 8, 18),
(222, NULL, NULL, NULL, 0, 8, 19),
(223, NULL, NULL, NULL, 0, 8, 20),
(224, NULL, NULL, NULL, 0, 8, 21),
(225, NULL, NULL, NULL, 0, 8, 22),
(226, NULL, NULL, NULL, 0, 8, 23),
(227, NULL, NULL, NULL, 0, 8, 24),
(228, NULL, NULL, NULL, 0, 8, 25),
(229, NULL, NULL, NULL, 0, 8, 26),
(230, NULL, NULL, NULL, 0, 8, 27),
(231, NULL, NULL, NULL, 0, 8, 28),
(232, NULL, NULL, NULL, 0, 8, 29),
(233, NULL, NULL, NULL, 0, 9, 1),
(234, NULL, NULL, NULL, 0, 9, 2),
(235, NULL, NULL, NULL, 0, 9, 3),
(236, NULL, NULL, NULL, 0, 9, 4),
(237, NULL, NULL, NULL, 0, 9, 5),
(238, NULL, NULL, NULL, 0, 9, 6),
(239, NULL, NULL, NULL, 0, 9, 7),
(240, NULL, NULL, NULL, 0, 9, 8),
(241, NULL, NULL, NULL, 0, 9, 9),
(242, NULL, NULL, NULL, 0, 9, 10),
(243, NULL, NULL, NULL, 0, 9, 11),
(244, NULL, NULL, NULL, 0, 9, 12),
(245, NULL, NULL, NULL, 0, 9, 13),
(246, NULL, NULL, NULL, 0, 9, 14),
(247, NULL, NULL, NULL, 0, 9, 15),
(248, NULL, NULL, NULL, 0, 9, 16),
(249, NULL, NULL, NULL, 0, 9, 17),
(250, NULL, NULL, NULL, 0, 9, 18),
(251, NULL, NULL, NULL, 0, 9, 19),
(252, NULL, NULL, NULL, 0, 9, 20),
(253, NULL, NULL, NULL, 0, 9, 21),
(254, NULL, NULL, NULL, 0, 9, 22),
(255, NULL, NULL, NULL, 0, 9, 23),
(256, NULL, NULL, NULL, 0, 9, 24),
(257, NULL, NULL, NULL, 0, 9, 25),
(258, NULL, NULL, NULL, 0, 9, 26),
(259, NULL, NULL, NULL, 0, 9, 27),
(260, NULL, NULL, NULL, 0, 9, 28),
(261, NULL, NULL, NULL, 0, 9, 29),
(262, NULL, NULL, NULL, 0, 10, 1),
(263, NULL, NULL, NULL, 0, 10, 2),
(264, NULL, NULL, NULL, 0, 10, 3),
(265, NULL, NULL, NULL, 0, 10, 4),
(266, NULL, NULL, NULL, 0, 10, 5),
(267, NULL, NULL, NULL, 0, 10, 6),
(268, NULL, NULL, NULL, 0, 10, 7),
(269, NULL, NULL, NULL, 0, 10, 8),
(270, NULL, NULL, NULL, 0, 10, 9),
(271, NULL, NULL, NULL, 0, 10, 10),
(272, NULL, NULL, NULL, 0, 10, 11),
(273, NULL, NULL, NULL, 0, 10, 12),
(274, NULL, NULL, NULL, 0, 10, 13),
(275, NULL, NULL, NULL, 0, 10, 14),
(276, NULL, NULL, NULL, 0, 10, 15),
(277, NULL, NULL, NULL, 0, 10, 16),
(278, NULL, NULL, NULL, 0, 10, 17),
(279, NULL, NULL, NULL, 0, 10, 18),
(280, NULL, NULL, NULL, 0, 10, 19),
(281, NULL, NULL, NULL, 0, 10, 20),
(282, NULL, NULL, NULL, 0, 10, 21),
(283, NULL, NULL, NULL, 0, 10, 22),
(284, NULL, NULL, NULL, 0, 10, 23),
(285, NULL, NULL, NULL, 0, 10, 24),
(286, NULL, NULL, NULL, 0, 10, 25),
(287, NULL, NULL, NULL, 0, 10, 26),
(288, NULL, NULL, NULL, 0, 10, 27),
(289, NULL, NULL, NULL, 0, 10, 28),
(290, NULL, NULL, NULL, 0, 10, 29),
(291, NULL, NULL, NULL, 0, 11, 1),
(292, NULL, NULL, NULL, 0, 11, 2),
(293, NULL, NULL, NULL, 0, 11, 3),
(294, NULL, NULL, NULL, 0, 11, 4),
(295, NULL, NULL, NULL, 0, 11, 5),
(296, NULL, NULL, NULL, 0, 11, 6),
(297, NULL, NULL, NULL, 0, 11, 7),
(298, NULL, NULL, NULL, 0, 11, 8),
(299, NULL, NULL, NULL, 0, 11, 9),
(300, NULL, NULL, NULL, 0, 11, 10),
(301, NULL, NULL, NULL, 0, 11, 11),
(302, NULL, NULL, NULL, 0, 11, 12),
(303, NULL, NULL, NULL, 0, 11, 13),
(304, NULL, NULL, NULL, 0, 11, 14),
(305, NULL, NULL, NULL, 0, 11, 15),
(306, NULL, NULL, NULL, 0, 11, 16),
(307, NULL, NULL, NULL, 0, 11, 17),
(308, NULL, NULL, NULL, 0, 11, 18),
(309, NULL, NULL, NULL, 0, 11, 19),
(310, NULL, NULL, NULL, 0, 11, 20),
(311, NULL, NULL, NULL, 0, 11, 21),
(312, NULL, NULL, NULL, 0, 11, 22),
(313, NULL, NULL, NULL, 0, 11, 23),
(314, NULL, NULL, NULL, 0, 11, 24),
(315, NULL, NULL, NULL, 0, 11, 25),
(316, NULL, NULL, NULL, 0, 11, 26),
(317, NULL, NULL, NULL, 0, 11, 27),
(318, NULL, NULL, NULL, 0, 11, 28),
(319, NULL, NULL, NULL, 0, 11, 29),
(320, NULL, NULL, NULL, 0, 12, 1),
(321, NULL, NULL, NULL, 0, 12, 2),
(322, NULL, NULL, NULL, 0, 12, 3),
(323, NULL, NULL, NULL, 0, 12, 4),
(324, NULL, NULL, NULL, 0, 12, 5),
(325, NULL, NULL, NULL, 0, 12, 6),
(326, NULL, NULL, NULL, 0, 12, 7),
(327, NULL, NULL, NULL, 0, 12, 8),
(328, NULL, NULL, NULL, 0, 12, 9),
(329, NULL, NULL, NULL, 0, 12, 10),
(330, NULL, NULL, NULL, 0, 12, 11),
(331, NULL, NULL, NULL, 0, 12, 12),
(332, NULL, NULL, NULL, 0, 12, 13),
(333, NULL, NULL, NULL, 0, 12, 14),
(334, NULL, NULL, NULL, 0, 12, 15),
(335, NULL, NULL, NULL, 0, 12, 16),
(336, NULL, NULL, NULL, 0, 12, 17),
(337, NULL, NULL, NULL, 0, 12, 18),
(338, NULL, NULL, NULL, 0, 12, 19),
(339, NULL, NULL, NULL, 0, 12, 20),
(340, NULL, NULL, NULL, 0, 12, 21),
(341, NULL, NULL, NULL, 0, 12, 22),
(342, NULL, NULL, NULL, 0, 12, 23),
(343, NULL, NULL, NULL, 0, 12, 24),
(344, NULL, NULL, NULL, 0, 12, 25),
(345, NULL, NULL, NULL, 0, 12, 26),
(346, NULL, NULL, NULL, 0, 12, 27),
(347, NULL, NULL, NULL, 0, 12, 28),
(348, NULL, NULL, NULL, 0, 12, 29),
(349, NULL, NULL, NULL, 0, 13, 1),
(350, NULL, NULL, NULL, 0, 13, 2),
(351, NULL, NULL, NULL, 0, 13, 3),
(352, NULL, NULL, NULL, 0, 13, 4),
(353, NULL, NULL, NULL, 0, 13, 5),
(354, NULL, NULL, NULL, 0, 13, 6),
(355, NULL, NULL, NULL, 0, 13, 7),
(356, NULL, NULL, NULL, 0, 13, 8),
(357, NULL, NULL, NULL, 0, 13, 9),
(358, NULL, NULL, NULL, 0, 13, 10),
(359, NULL, NULL, NULL, 0, 13, 11),
(360, NULL, NULL, NULL, 0, 13, 12),
(361, NULL, NULL, NULL, 0, 13, 13),
(362, NULL, NULL, NULL, 0, 13, 14),
(363, NULL, NULL, NULL, 0, 13, 15),
(364, NULL, NULL, NULL, 0, 13, 16),
(365, NULL, NULL, NULL, 0, 13, 17),
(366, NULL, NULL, NULL, 0, 13, 18),
(367, NULL, NULL, NULL, 0, 13, 19),
(368, NULL, NULL, NULL, 0, 13, 20),
(369, NULL, NULL, NULL, 0, 13, 21),
(370, NULL, NULL, NULL, 0, 13, 22),
(371, NULL, NULL, NULL, 0, 13, 23),
(372, NULL, NULL, NULL, 0, 13, 24),
(373, NULL, NULL, NULL, 0, 13, 25),
(374, NULL, NULL, NULL, 0, 13, 26),
(375, NULL, NULL, NULL, 0, 13, 27),
(376, NULL, NULL, NULL, 0, 13, 28),
(377, NULL, NULL, NULL, 0, 13, 29),
(378, NULL, NULL, NULL, 0, 14, 1),
(379, NULL, NULL, NULL, 0, 14, 2),
(380, NULL, NULL, NULL, 0, 14, 3),
(381, NULL, NULL, NULL, 0, 14, 4),
(382, NULL, NULL, NULL, 0, 14, 5),
(383, NULL, NULL, NULL, 0, 14, 6),
(384, NULL, NULL, NULL, 0, 14, 7),
(385, NULL, NULL, NULL, 0, 14, 8),
(386, NULL, NULL, NULL, 0, 14, 9),
(387, NULL, NULL, NULL, 0, 14, 10),
(388, NULL, NULL, NULL, 0, 14, 11),
(389, NULL, NULL, NULL, 0, 14, 12),
(390, NULL, NULL, NULL, 0, 14, 13),
(391, NULL, NULL, NULL, 0, 14, 14),
(392, NULL, NULL, NULL, 0, 14, 15),
(393, NULL, NULL, NULL, 0, 14, 16),
(394, NULL, NULL, NULL, 0, 14, 17),
(395, NULL, NULL, NULL, 0, 14, 18),
(396, NULL, NULL, NULL, 0, 14, 19),
(397, NULL, NULL, NULL, 0, 14, 20),
(398, NULL, NULL, NULL, 0, 14, 21),
(399, NULL, NULL, NULL, 0, 14, 22),
(400, NULL, NULL, NULL, 0, 14, 23),
(401, NULL, NULL, NULL, 0, 14, 24),
(402, NULL, NULL, NULL, 0, 14, 25),
(403, NULL, NULL, NULL, 0, 14, 26),
(404, NULL, NULL, NULL, 0, 14, 27),
(405, NULL, NULL, NULL, 0, 14, 28),
(406, NULL, NULL, NULL, 0, 14, 29),
(407, NULL, NULL, NULL, 0, 15, 1),
(408, NULL, NULL, NULL, 0, 15, 2),
(409, NULL, NULL, NULL, 0, 15, 3),
(410, NULL, NULL, NULL, 0, 15, 4),
(411, NULL, NULL, NULL, 0, 15, 5),
(412, NULL, NULL, NULL, 0, 15, 6),
(413, NULL, NULL, NULL, 0, 15, 7),
(414, NULL, NULL, NULL, 0, 15, 8),
(415, NULL, NULL, NULL, 0, 15, 9),
(416, NULL, NULL, NULL, 0, 15, 10),
(417, NULL, NULL, NULL, 0, 15, 11),
(418, NULL, NULL, NULL, 0, 15, 12),
(419, NULL, NULL, NULL, 0, 15, 13),
(420, NULL, NULL, NULL, 0, 15, 14),
(421, NULL, NULL, NULL, 0, 15, 15),
(422, NULL, NULL, NULL, 0, 15, 16),
(423, NULL, NULL, NULL, 0, 15, 17),
(424, NULL, NULL, NULL, 0, 15, 18),
(425, NULL, NULL, NULL, 0, 15, 19),
(426, NULL, NULL, NULL, 0, 15, 20),
(427, NULL, NULL, NULL, 0, 15, 21),
(428, NULL, NULL, NULL, 0, 15, 22),
(429, NULL, NULL, NULL, 0, 15, 23),
(430, NULL, NULL, NULL, 0, 15, 24),
(431, NULL, NULL, NULL, 0, 15, 25),
(432, NULL, NULL, NULL, 0, 15, 26),
(433, NULL, NULL, NULL, 0, 15, 27),
(434, NULL, NULL, NULL, 0, 15, 28),
(435, NULL, NULL, NULL, 0, 15, 29);

-- --------------------------------------------------------

--
-- Estructura de tabla para la tabla `carreras`
--

CREATE TABLE `carreras` (
  `ID_carrera` int(11) NOT NULL,
  `Codigo_carrera` varchar(45) CHARACTER SET utf8 COLLATE utf8_spanish_ci NOT NULL,
  `Nombre_carrera` varchar(45) CHARACTER SET utf8 COLLATE utf8_spanish_ci NOT NULL,
  PRIMARY KEY (`ID_carrera`)
) ENGINE=InnoDB DEFAULT CHARSET=utf8 COLLATE=utf8_unicode_ci;

--
-- Volcado de datos para la tabla `carreras`
--

INSERT INTO `carreras` (`ID_carrera`, `Codigo_carrera`, `Nombre_carrera`) VALUES
(1, '21043', 'Trabajo Social'),
(2, '3033', 'Tecnico De Nivel Superior En Comercio Interna'),
(3, '4633', 'Ingenieria Industrial'),
(4, '4412', 'Cartografia (plan De Regularización)'),
(5, '4652', 'Ingeniero De Ejecución En Geomensura (p. Esp)'),
(6, '4651', 'Tecnico De Nivel Superior En Geomensura'),
(7, '4421', 'Diseñador, Men. Equipamiento Y Com. Visual P.'),
(8, '4116', 'Ing. De Ejec. En Electronica, Seminario De Ti'),
(9, '4224', 'T. U. En Prevención De Riesgos P/e (concep)'),
(10, '4231', 'Arquitectura P.e'),
(11, '4012', 'Administrador Y Gerente Publico'),
(12, '4223', 'Tec. Univ. Prev. De Riesgos P/e Educares'),
(13, '4222', 'Tecnico Univ En Prevención De Riesgos P/e (bo'),
(14, '3801', 'Tecnico De Nivel Superior En Envasado Industr'),
(15, '3013', 'Adm. Publica Con Licenciatura Mencion Gobiern'),
(16, '21031', 'Ingeniería En Geomensura'),
(17, '21024', 'Diseño En Comunicacion Visual'),
(18, '21023', 'Diseño Industrial'),
(19, '2160', 'Ingeniería En Administración Agroindustrial ('),
(20, '21032', 'Ingeniería En Construcción'),
(21, '3623', 'Técnico De Nivel Superior En Electricidad'),
(22, '4642', 'Ingenieria Informatica'),
(23, '4032', 'Ingenieria En Comercio Internacional (p.e)'),
(24, '3403', 'Tecnico De Nivel Superior En Criminalistica ('),
(25, '21046', 'Bachillerato En Ciencias De La Ingeniería'),
(26, '4001', 'Diplomado'),
(27, '3634', 'Ingenieria De Ejecucion Industrial (plan A)'),
(28, '3633', 'Ingenieria De Ejecucion En Finanzas (plan A)'),
(29, '4031', 'Ing.ejec. Comerc.internac. P/e Valp'),
(30, '2103', 'Diseño'),
(31, '21039', 'Ingeniería En Industria Alimentaria'),
(32, '21015', 'Ingeniería En Administración Agroindustrial'),
(33, '2118', 'Ing Ejec. En Comercio Internacional'),
(34, '2127', 'Ingenieria De Ejecucion En Transporte Y Trans'),
(35, '3031', 'Ingeniería De Ejecucion En Comercio Internaci'),
(36, '2135', 'Ingeniería De Ejecución En Geomensura'),
(37, '2158', 'Contador Auditor (san Fdo.)'),
(38, '3231', 'Técnico Universitario En Prevención De Riesgo'),
(39, '4622', 'T.u.en Telecomunicaciones Aeronaut.'),
(40, '21081', 'Ingeniería En Comercio Internacional'),
(41, '2182', 'Ingeniería En Turismo'),
(42, '3032', 'Ingeniería En Comercio Internacional (v)'),
(43, '2101', 'Servicio Social'),
(44, '2113', 'Construcción Civil'),
(45, '2114', 'Ingeniería De Ejec. En Informática'),
(46, '2116', 'Ingen. De Ejecución En Electronica'),
(47, '3022', 'Contador Auditor (v) (san Fernando)'),
(48, '2117', 'Ingenieria De Ejecución En Mecanica'),
(49, '2126', 'Ing. De Ejec. Industria Alimentaria'),
(50, '21030', 'Ingeniería En Informática'),
(51, '4011', 'Administracion Publica'),
(52, '4211', 'Ingeniero Constructor (p.e.)'),
(53, '21038', 'Ingeniería En Industria De La Madera'),
(54, '21041', 'Ingeniería Civil En Computación Menc. Informá'),
(55, '21047', 'Arquitectura'),
(56, '2159', 'Ingeniería En Comercio Internacional.(san Fdo'),
(57, '21071', 'Dibujante Proyectista'),
(58, '3011', 'Tecn. Universitario En Administracion Publica'),
(59, '21005', 'Ingenieria Civil En Agroindustrias'),
(60, '2106', 'Tec. Univ. En Electronica'),
(61, '21007', 'Ingenieria Civil En Informatica'),
(62, '21008', 'Ingenieria En Prevención De Riesgos Y Medio A'),
(63, '2109', 'Tecnico Univ. En Mecanica'),
(64, '2110', 'Tecnico Universitario Nivel Superior En Preve'),
(65, '2111', 'Tecnico Univ. En Topografia'),
(66, '2119', 'Ing.ejec.plan Comun (elect.y Mecan)'),
(67, '2120', 'Tecnico Superior En Construccion'),
(68, '2121', 'Tecn. Sup. En Electronica (diurno)'),
(69, '2122', 'Tecn. Sup. En Dibujo Tecnico'),
(71, '2129', 'Construccion Civil (pln. Especial)'),
(72, '21037', 'Ingeniería En Mecánica'),
(73, '21048', 'Ingeniería Comercial'),
(74, '2150', 'Ingeniería En Electronica (sn Fern)'),
(75, '2151', 'Ingeniería En Mecanica (sn Fernan.)'),
(76, '2152', 'Ingeniería En Quimica (sn Fernando)'),
(77, '3621', 'Tecnico En Electronica'),
(78, '2154', 'Tecnico Quimico Laboratorista'),
(79, '3611', 'Tecnico En Mecanica'),
(80, '3643', 'Tecnico En Programacion'),
(81, '2157', 'Tecnico En Topografia'),
(83, '2162', 'Tecnico Superior En Electronica (v)'),
(84, '2163', 'Tecnico Superior En Computacion (v)'),
(85, '2164', 'Tecnico Superior En Mecanica'),
(86, '2165', 'Tec. Sup. En Dib. Tecnico M/arquitectura'),
(87, '2168', 'Tec. Sup. En Dibujo Tec. M/maquinas'),
(88, '4221', 'Tec.universitario En Prevención De Riesgos'),
(89, '4411', 'Tecn. Univ. En Meteorologia (p.e.)'),
(90, '21045', 'Ingeniería Industrial'),
(91, '3641', 'Técnico Universitario En Comunicación De Dato'),
(92, '4212', 'Ingeniero Constructor (p.e.) T.u.c.'),
(93, '3632', 'Tecnico Superior Industrial'),
(94, '2192', 'Analista De Sistemas'),
(95, '4632', 'Ingenieria De Ejecucion En Finanzas (plan B)'),
(96, '2196', 'Tecn. Sup. Analista De Sistemas'),
(97, '4213', 'Ing. De Ejec. En Obras Sanitarias'),
(98, '21025', 'Ingeniería En Transporte Y Transito'),
(99, '4041', 'Bibliotecologia Y Documentacion (p.e)'),
(100, '21042', 'Ingeniería En Prevención De Riesgos Y Medio A'),
(101, '21083', 'Química Industrial'),
(102, '4225', 'Ingeniero En Prevencion De Riesgos Y Medioamb'),
(104, '21082', 'Ingeniería En Gestión Turistica'),
(105, '21012', 'Contador Publico Y Auditor (diurno)'),
(106, '3021', 'Contador Publico Y Auditor  (vespertino)'),
(107, '3051', 'Ingeniería Comercial (p.e)'),
(108, '2128', 'Ing. De Ejec. En Industria Maderera'),
(109, '3624', 'Ingeniería De Ejecucion En Electronica'),
(110, '21040', 'Ingeniería. Civil Industrial Mención Agroindu'),
(111, '21036', 'Ingeniería En Electrónica'),
(112, '21002', 'Bibliotecología Y Documentación'),
(113, '3631', 'Ingenieria De Ejecucion Industrial (plan B)'),
(114, '3644', 'Ingenieria De Ejecucion En Informatica'),
(115, '3812', 'Quimico Laboratorista'),
(116, '21080', 'Ingeniería En Química'),
(117, '2166', 'Ingeniería De Ejecución En Química'),
(118, '3012', 'Adm. Publica, Con Titulo Interm. De Tec. Sup.'),
(119, '3401', 'Programa Reg. De Form. De Prof. De Educ. Gral'),
(120, '4401', 'Formación De Profesores De Educacion General '),
(122, '21044', 'Ingeniería Civil Industrial Con Mención Siste'),
(124, '21076', 'Ingenieria Civil Industrial'),
(125, '2167', 'Técnico Universitario En Geomensura'),
(126, '3622', 'Tec.universitario En Electronica M/telecomuni'),
(127, '3642', 'Técnico Universitario En Administración Infor'),
(128, '5400', 'Comunicación Organizaciónal Y Liderazgo'),
(129, '5401', 'Inglés Para Propositos Profesionales'),
(130, '5402', 'Literatura Hispanoamericana'),
(131, '3405', 'Ingenieria De Gestion En Seguridad Y Vigilanc'),
(134, '21073', 'Ingenieria En Biotecnología'),
(135, '21074', 'Ingenieria Civil En Obras Civiles'),
(137, '5108', 'Magister En Educación A Distancia'),
(138, '5109', 'Magister En Gobierno Electronico'),
(139, '8001', 'Magister En Gestion Ind. Mención Sist. Econom'),
(140, '4413', 'Magister En Cartografía De Estudios Ambiental'),
(141, '5008', 'Magister En Competencia Para La Accion Socioe'),
(142, '3091', 'Magister En Ciencia Politica'),
(143, '21075', 'Ingenieria Civil Electrónica');

-- --------------------------------------------------------

--
-- Estructura de tabla para la tabla `departamentos`
--

CREATE TABLE `departamentos` (
  `ID_depto` int(11) NOT NULL,
  `Nombre_depto` varchar(45) CHARACTER SET utf8 COLLATE utf8_spanish_ci NOT NULL,
  PRIMARY KEY (`ID_depto`)
) ENGINE=InnoDB DEFAULT CHARSET=utf8 COLLATE=utf8_unicode_ci;

--
-- Volcado de datos para la tabla `departamentos`
--

INSERT INTO `departamentos` (`ID_depto`, `Nombre_depto`) VALUES
(1, 'Diseño'),
(2, 'Cartografía'),
(3, 'Trabajo Social'),
(4, 'Humanidades'),
(5, 'Prevención de Riesgos y Medioambiente'),
(6, 'Ciencias de la Construcción'),
(7, 'Planificación y Ordenamiento Territorial'),
(8, 'Química'),
(9, 'Matemática'),
(10, 'Física'),
(11, 'Biotecnología'),
(12, 'Gestión Organizacional'),
(13, 'Economía, Recursos Naturales y Comercio Inter'),
(14, 'Contabilidad y Gestión Financiera'),
(15, 'Gestión de la Información'),
(16, 'Estadística y Econometría'),
(17, 'Industria'),
(18, 'Informática y Computación'),
(19, 'Electricidad'),
(20, 'Mecánica'),
(21, 'Sin Departamento');

-- --------------------------------------------------------

--
-- Estructura de tabla para la tabla `estados_pdi_pdf`
--

CREATE TABLE `estados_pdi_pdf` (
  `ID_estado` int(11) NOT NULL,
  `Proceso` varchar(45) NOT NULL,
  `Nombre` varchar(45) NOT NULL,
  PRIMARY KEY (`ID_estado`)
) ENGINE=InnoDB DEFAULT CHARSET=utf8;

--
-- Volcado de datos para la tabla `estados_pdi_pdf`
--

INSERT INTO `estados_pdi_pdf` (`ID_estado`, `Proceso`, `Nombre`) VALUES
(0, 'PDI', 'No Creado'),
(1, 'PDI', 'Revisión Decanato'),
(2, 'PDI', 'Revisión VRAC'),
(3, 'PDI', 'Revisión DEA'),
(4, 'PDI', 'PDI Aprobado'),
(5, 'PDI', 'En Proceso PDF'),
(6, 'PDI', 'Cerrado'),
(7, 'PDI', 'Cancelado por Nuevo PDI'),
(10, 'PDF', 'No Creado'),
(11, 'PDF', 'Asignación de Académicos'),
(12, 'PDF', 'Revisión Decanato'),
(13, 'PDF', 'Revisión VRAC'),
(14, 'PDF', 'Revisión DEA'),
(15, 'PDF', 'PDF Aprobado'),
(16, 'PDF', 'Cerrado'),
(17, 'PDF', 'Cancelado por Nuevo PDF');

-- --------------------------------------------------------

--
-- Estructura de tabla para la tabla `PDF`
--

CREATE TABLE `PDF` (
  `ID_PDF` int(11) NOT NULL AUTO_INCREMENT,
  `Estado_PDF` int(11) NOT NULL,
  `Nombre_docente` varchar(45) CHARACTER SET utf8 COLLATE utf8_spanish_ci NOT NULL,
  `ID_profesor` varchar(45) CHARACTER SET utf8 COLLATE utf8_spanish_ci NOT NULL,
  `ID_escuela` varchar(45) CHARACTER SET utf8 COLLATE utf8_spanish_ci NOT NULL,
  `Fecha_PDF` datetime NOT NULL,
  `carreras_ID_carrera` int(11) NOT NULL,
  `departamentos_ID_depto` int(11) NOT NULL,
  `ID_PDI` int(11) NOT NULL,
  `PDF_cancelado` int(11) DEFAULT NULL,
  PRIMARY KEY (`ID_PDF`,`departamentos_ID_depto`,`carreras_ID_carrera`,`Estado_PDF`,`ID_PDI`),
  UNIQUE KEY `ID_PDF` (`ID_PDF`),
  KEY `fk_PDF_carreras1_idx` (`carreras_ID_carrera`),
  KEY `fk_PDF_departamentos1_idx` (`departamentos_ID_depto`),
  KEY `fk_PDF_ID_PDI_idx` (`ID_PDI`),
  KEY `fk_Estado_PDF_estados_pdi_pdf_idx` (`Estado_PDF`)
) ENGINE=InnoDB  DEFAULT CHARSET=utf8 COLLATE=utf8_unicode_ci AUTO_INCREMENT=42 ;

--
-- Volcado de datos para la tabla `PDF`
--

INSERT INTO `PDF` (`ID_PDF`, `Estado_PDF`, `Nombre_docente`, `ID_profesor`, `ID_escuela`, `Fecha_PDF`, `carreras_ID_carrera`, `departamentos_ID_depto`, `ID_PDI`, `PDF_cancelado`) VALUES
(4, 17, 'NOMBRE_PRUEBA', '1', '1', '2015-02-25 16:57:42', 1, 4, 27, NULL),
(5, 17, 'NOMBRE_PRUEBA', '1', '1', '2015-02-25 17:44:48', 12, 10, 28, NULL),
(6, 17, 'NOMBRE_PRUEBA', '1', '1', '2015-02-25 17:45:12', 12, 10, 28, 5),
(7, 17, 'NOMBRE_PRUEBA', '1', '1', '2015-02-25 23:57:59', 12, 10, 28, 6),
(8, 17, 'NOMBRE_PRUEBA', '1', '1', '2015-02-26 00:09:17', 12, 10, 28, 7),
(9, 17, 'NOMBRE_PRUEBA', '1', '1', '2015-02-26 00:11:00', 117, 9, 32, NULL),
(10, 12, 'NOMBRE_PRUEBA', '1', '1', '2015-03-03 12:58:55', 1, 4, 27, 4),
(11, 17, 'NOMBRE_PRUEBA', '1', '1', '2015-03-03 22:07:05', 117, 9, 32, 9),
(12, 17, 'NOMBRE_PRUEBA', '1', '1', '2015-03-03 22:08:44', 117, 9, 32, 11),
(13, 17, 'NOMBRE_PRUEBA', '1', '1', '2015-03-03 22:10:46', 117, 9, 32, 12),
(14, 17, 'NOMBRE_PRUEBA', '1', '1', '2015-03-03 22:11:14', 117, 9, 32, 13),
(15, 17, 'NOMBRE_PRUEBA', '1', '1', '2015-03-03 22:14:40', 117, 9, 32, 14),
(16, 17, 'NOMBRE_PRUEBA', '1', '1', '2015-03-03 22:26:53', 117, 9, 32, 15),
(17, 17, 'NOMBRE_PRUEBA', '1', '1', '2015-03-03 22:29:34', 117, 9, 32, 16),
(18, 17, 'NOMBRE_PRUEBA', '1', '1', '2015-03-03 22:31:13', 1, 1, 18, NULL),
(19, 17, 'NOMBRE_PRUEBA', '1', '1', '2015-03-04 13:50:58', 1, 1, 18, 18),
(20, 17, 'NOMBRE_PRUEBA', '1', '1', '2015-03-04 13:52:33', 1, 1, 18, 19),
(21, 17, 'NOMBRE_PRUEBA', '1', '1', '2015-03-04 13:53:32', 1, 1, 18, 20),
(22, 17, 'NOMBRE_PRUEBA', '1', '1', '2015-03-04 13:54:17', 1, 1, 18, 21),
(23, 17, 'NOMBRE_PRUEBA', '1', '1', '2015-03-04 13:54:56', 1, 1, 18, 22),
(24, 17, 'NOMBRE_PRUEBA', '1', '1', '2015-03-04 13:58:13', 1, 1, 18, 23),
(25, 17, 'NOMBRE_PRUEBA', '1', '1', '2015-03-04 13:59:30', 1, 1, 18, 24),
(26, 17, 'NOMBRE_PRUEBA', '1', '1', '2015-03-04 14:10:21', 1, 1, 18, 25),
(27, 12, 'NOMBRE_PRUEBA', '1', '1', '2015-03-04 14:14:42', 1, 1, 18, 26),
(28, 17, 'NOMBRE_PRUEBA', '1', '1', '2015-03-05 10:53:35', 117, 9, 32, 17),
(29, 17, 'NOMBRE_PRUEBA', '1', '1', '2015-03-05 10:56:01', 12, 10, 28, 8),
(30, 17, 'NOMBRE_PRUEBA', '1', '1', '2015-03-05 11:21:14', 12, 10, 28, 29),
(31, 17, 'NOMBRE_PRUEBA', '1', '1', '2015-03-05 11:21:26', 117, 9, 32, 28),
(32, 17, 'NOMBRE_PRUEBA', '1', '1', '2015-03-05 11:33:57', 12, 10, 28, 30),
(33, 17, 'NOMBRE_PRUEBA', '1', '1', '2015-03-05 11:34:01', 117, 9, 32, 31),
(34, 17, 'NOMBRE_PRUEBA', '1', '1', '2015-03-05 11:55:00', 117, 9, 32, 33),
(35, 17, 'NOMBRE_PRUEBA', '1', '1', '2015-03-05 11:55:07', 12, 10, 28, 32),
(36, 17, 'NOMBRE_PRUEBA', '1', '1', '2015-03-05 11:59:08', 12, 10, 28, 35),
(37, 12, 'NOMBRE_PRUEBA', '1', '1', '2015-03-05 11:59:13', 117, 9, 32, 34),
(38, 17, 'NOMBRE_PRUEBA', '1', '1', '2015-03-05 14:39:01', 117, 9, 32, 34),
(39, 12, 'NOMBRE_PRUEBA', '1', '1', '2015-03-05 14:57:30', 12, 10, 28, 36),
(40, 17, 'NOMBRE_PRUEBA', '1', '1', '2015-03-05 14:57:35', 117, 9, 32, 38),
(41, 12, 'NOMBRE_PRUEBA', '1', '1', '2015-03-05 17:25:02', 117, 9, 32, 40);

-- --------------------------------------------------------

--
-- Estructura de tabla para la tabla `PDI`
--

CREATE TABLE `PDI` (
  `ID_PDI` int(11) NOT NULL AUTO_INCREMENT,
  `Estado_PDI` int(11) NOT NULL,
  `Nombre_docente` varchar(45) CHARACTER SET utf8 COLLATE utf8_spanish_ci NOT NULL,
  `ID_profesor` varchar(45) CHARACTER SET utf8 COLLATE utf8_spanish_ci NOT NULL,
  `ID_escuela` varchar(45) CHARACTER SET utf8 COLLATE utf8_spanish_ci NOT NULL,
  `Fecha_PDI` datetime NOT NULL,
  `departamentos_ID_depto` int(11) NOT NULL,
  `carreras_ID_carrera` int(11) NOT NULL,
  `PDI_cancelado` int(11) DEFAULT NULL,
  PRIMARY KEY (`ID_PDI`,`departamentos_ID_depto`,`carreras_ID_carrera`,`Estado_PDI`),
  UNIQUE KEY `ID_PDI` (`ID_PDI`),
  KEY `fk_PDI_carreras1_idx` (`carreras_ID_carrera`),
  KEY `fk_PDI_departamentos1_idx` (`departamentos_ID_depto`),
  KEY `fk_Estado_PDI_estados_pdi_pdf_idx` (`Estado_PDI`)
) ENGINE=InnoDB  DEFAULT CHARSET=utf8 COLLATE=utf8_unicode_ci AUTO_INCREMENT=42 ;

--
-- Volcado de datos para la tabla `PDI`
--

INSERT INTO `PDI` (`ID_PDI`, `Estado_PDI`, `Nombre_docente`, `ID_profesor`, `ID_escuela`, `Fecha_PDI`, `departamentos_ID_depto`, `carreras_ID_carrera`, `PDI_cancelado`) VALUES
(18, 2, 'NOMBRE_PRUEBA', '1', '1', '2015-02-15 17:02:58', 1, 1, NULL),
(27, 5, 'NOMBRE_PRUEBA', '1', '1', '2015-02-20 23:51:36', 4, 1, NULL),
(28, 5, 'NOMBRE_PRUEBA', '1', '1', '2015-02-20 23:57:04', 10, 12, NULL),
(29, 1, 'NOMBRE_PRUEBA', '1', '1', '2015-02-21 00:14:15', 3, 4, NULL),
(30, 1, 'NOMBRE_PRUEBA', '1', '1', '2015-02-23 16:09:08', 6, 117, NULL),
(31, 1, 'NOMBRE_PRUEBA', '1', '1', '2015-02-23 16:10:10', 7, 8, NULL),
(32, 5, 'NOMBRE_PRUEBA', '1', '1', '2015-02-23 16:10:39', 9, 117, NULL),
(33, 1, 'NOMBRE_PRUEBA', '1', '1', '2015-02-23 16:11:56', 9, 140, NULL),
(34, 1, 'NOMBRE_PRUEBA', '1', '1', '2015-02-23 16:12:40', 3, 6, NULL),
(35, 7, 'NOMBRE_PRUEBA', '1', '1', '2015-02-25 00:08:05', 1, 1, 18),
(36, 7, 'NOMBRE_PRUEBA', '1', '1', '2015-02-25 14:31:22', 1, 1, 35),
(37, 7, 'NOMBRE_PRUEBA', '1', '1', '2015-02-25 14:39:07', 1, 1, 36),
(38, 7, 'NOMBRE_PRUEBA', '1', '1', '2015-02-25 14:40:22', 1, 1, 37),
(39, 1, 'NOMBRE_PRUEBA', '1', '1', '2015-02-25 14:40:55', 9, 20, NULL),
(40, 1, 'NOMBRE_PRUEBA', '1', '1', '2015-02-26 00:23:50', 11, 83, NULL),
(41, 1, 'NOMBRE_PRUEBA', '1', '1', '2015-02-26 00:26:51', 1, 1, 38);

-- --------------------------------------------------------

--
-- Estructura de tabla para la tabla `periodos`
--

CREATE TABLE `periodos` (
  `ID_periodo` int(11) NOT NULL,
  `Periodo` varchar(45) CHARACTER SET utf8 COLLATE utf8_spanish_ci NOT NULL,
  PRIMARY KEY (`ID_periodo`)
) ENGINE=InnoDB DEFAULT CHARSET=utf8 COLLATE=utf8_unicode_ci;

--
-- Volcado de datos para la tabla `periodos`
--

INSERT INTO `periodos` (`ID_periodo`, `Periodo`) VALUES
(0, 'Sin Periodo'),
(1, 'Lunes 08:00 - 09:30'),
(2, 'Lunes 09:40 - 11:10'),
(3, 'Lunes 11:20 - 12:50'),
(4, 'Lunes 13:00 - 14:30'),
(5, 'Lunes 14:40 - 16:10'),
(6, 'Lunes 16:20 - 17:50'),
(7, 'Lunes 18:00 - 19:30'),
(8, 'Lunes 19:00 - 20:30'),
(9, 'Lunes 20:40 - 22:10'),
(10, 'Martes 08:00 - 09:30'),
(11, 'Martes 09:40 - 11:10'),
(12, 'Martes 11:20 - 12:50'),
(13, 'Martes 13:00 - 14:30'),
(14, 'Martes 14:40 - 16:10'),
(15, 'Martes 16:20 - 17:50'),
(16, 'Martes 18:00 - 19:30'),
(17, 'Martes 19:00 - 20:30'),
(18, 'Martes 20:40 - 22:10'),
(19, 'Miércoles  08:00 - 09:30'),
(20, 'Miércoles  09:40 - 11:10'),
(21, 'Miércoles  11:20 - 12:50'),
(22, 'Miércoles  13:00 - 14:30'),
(23, 'Miércoles  14:40 - 16:10'),
(24, 'Miércoles  16:20 - 17:50'),
(25, 'Miércoles  18:00 - 19:30'),
(26, 'Miércoles  19:00 - 20:30'),
(27, 'Miércoles  20:40 - 22:10'),
(28, 'Jueves 08:00 - 09:30'),
(29, 'Jueves 09:40 - 11:10'),
(30, 'Jueves 11:20 - 12:50'),
(31, 'Jueves 13:00 - 14:30'),
(32, 'Jueves 14:40 - 16:10'),
(33, 'Jueves 16:20 - 17:50'),
(34, 'Jueves 18:00 - 19:30'),
(35, 'Jueves 19:00 - 20:30'),
(36, 'Jueves 20:40 - 22:10'),
(37, 'Viernes 08:00 - 09:30'),
(38, 'Viernes 09:40 - 11:10'),
(39, 'Viernes 11:20 - 12:50'),
(40, 'Viernes 13:00 - 14:30'),
(41, 'Viernes 14:40 - 16:10'),
(42, 'Viernes 16:20 - 17:50'),
(43, 'Viernes 18:00 - 19:30'),
(44, 'Viernes 19:00 - 20:30'),
(45, 'Viernes 20:40 - 22:10'),
(46, 'Sábado 08:00 - 09:30'),
(47, 'Sábado 09:40 - 11:10'),
(48, 'Sábado 11:20 - 12:50'),
(49, 'Sábado 13:00 - 14:30'),
(50, 'Sábado 14:40 - 16:10'),
(51, 'Sábado 16:20 - 17:50'),
(52, 'Sábado 18:00 - 19:30'),
(53, 'Sábado 19:00 - 20:30'),
(54, 'Sábado 20:40 - 22:10');

-- --------------------------------------------------------

--
-- Estructura de tabla para la tabla `ramos`
--

CREATE TABLE `ramos` (
  `ID_ramo` int(11) NOT NULL,
  `ID_ramo_depto` varchar(45) CHARACTER SET utf8 COLLATE utf8_spanish_ci NOT NULL,
  `Codigo_ramo` varchar(45) CHARACTER SET utf8 COLLATE utf8_spanish_ci NOT NULL,
  `Nombre_ramo` varchar(45) CHARACTER SET utf8 COLLATE utf8_spanish_ci NOT NULL,
  `departamentos_ID_depto` int(11) NOT NULL,
  PRIMARY KEY (`ID_ramo`),
  KEY `fk_ramos_departamentos1_idx` (`departamentos_ID_depto`)
) ENGINE=InnoDB DEFAULT CHARSET=utf8 COLLATE=utf8_unicode_ci;

--
-- Volcado de datos para la tabla `ramos`
--

INSERT INTO `ramos` (`ID_ramo`, `ID_ramo_depto`, `Codigo_ramo`, `Nombre_ramo`, `departamentos_ID_depto`) VALUES
(1, '59', 'EFE06000', 'Efe: Desarrollo De Habilidades Profesionales ', 12),
(3, '138', 'HUM26600', 'Efg:liderazgo Y Dinámica De Grupos', 4),
(4, '250', 'QUI12810', 'Química General E Inorgánica', 21),
(5, '34', 'COM03100', 'Computación', 18),
(6, '15', 'QUCOM100', 'Computación', 8),
(7, '152', 'COM14100', 'Programación I', 18),
(8, '120', 'MTTGA100', 'Trigonometría Y Geometría Analítica', 9),
(9, '239', 'INIID000', 'Introducción A La Ingeniería Industrial', 17),
(10, '87', 'EAI13400', 'Química Industrial', 8),
(11, '98', 'MTMAT200', 'Matemática Ii', 9),
(12, '16', 'FIFIS100', 'Física I', 10),
(13, '36', 'ICCOM100', 'Computación', 18),
(14, '42', 'EAI14300', 'Fundamentos De La Química Industrial', 8),
(15, '15', 'EAI14400', 'Física General Mecánica', 10),
(16, '35', 'MCMEC100', 'Mecánica', 20),
(17, '78', 'MCTEX100', 'Termodinámica', 5),
(18, '37', 'EAI23000', 'Computación Aplicada', 18),
(19, '108', 'MTMAT300', 'Matemática Iii', 9),
(20, '10', 'EAI23300', 'Ciencia De Los Materiales', 8),
(21, '75', 'EAI23400', 'Termodinámica Aplicada', 20),
(22, '109', 'MTMAT400', 'Matemática Iv', 9),
(23, '36', 'MCMFL100', 'Mecánica De Fluidos', 20),
(24, '237', 'HUITE100', 'Inglés Técnico', 4),
(25, '3', 'EAI24200', 'Control Estadístico De Calidad', 16),
(26, '64', 'MCRMX100', 'Resistencia De Materiales', 5),
(27, '57', 'QUOUX100', 'Operaciones Unitarias', 8),
(28, '31', 'ELEEL100', 'Electricidad Y Electrónica', 19),
(29, '33', 'ELELX100', 'Electrónica', 19),
(30, '4', 'EAI33300', 'Circuitos Neumáticos E Hidráulicos', 20),
(31, '51', 'EAI33800', 'Procesos Industriales', 20),
(32, '50', 'MCPMA100', 'Procesos De Manufactura', 20),
(33, '57', 'EAI34000', 'Investigación De Operaciones', 15),
(34, '29', 'MCMAN100', 'Mantenimiento', 20),
(35, '68', 'EAI43000', 'Seguridad Industrial', 20),
(36, '241', 'EAI43100', 'Investigación De Operaciones', 17),
(37, '51', 'EAI43300', 'Contabilidad Y Costos Industriales', 14),
(38, '69', 'EAI43400', 'Sistemas De Control I', 20),
(39, '113', 'EAI43500', 'Ingeniería De Sistemas', 18),
(40, '46', 'EAI43600', 'Control De Calidad', 17),
(41, '88', 'EAI43700', 'Sistemas De Control Ii', 19),
(42, '7', 'GOAPR100', 'Administración De La Producción', 12),
(43, '32', 'GOEPR100', 'Evaluación De Proyectos', 8),
(44, '145', 'EAP10100', 'Sistemas De Información Administrativa I', 12),
(45, '150', 'GOTOR100', 'Teoría Organizacional', 12),
(46, '146', 'EAP20100', 'Sistemas De Información Administrativa Ii', 12),
(47, '62', 'CFDCO100', 'Derecho Constitucional', 14),
(48, '27', 'EAP20400', 'Administración Pública I', 12),
(49, '45', 'EAP30000', 'Economía Y Desarrollo', 13),
(50, '24', 'EAP30200', 'Contabilidad De Costos', 14),
(51, '57', 'EAP30300', 'Derecho Administrativo I', 14),
(52, '28', 'EAP30400', 'Administración Pública Ii', 12),
(53, '31', 'EAP40100', 'Análisis Y Gestión Municipal', 12),
(54, '58', 'EAP40300', 'Derecho Administrativo Ii', 14),
(55, '33', 'EAP40400', 'Ciencia Política I', 12),
(56, '10', 'EAP50000', 'Auditoría', 14),
(57, '75', 'EAP50300', 'Derecho Tributario', 14),
(58, '34', 'EAP50400', 'Ciencia Política Ii', 12),
(60, '101', 'CIECX100', 'Economía', 17),
(61, '35', 'CIECO200', 'Economía Ii', 13),
(62, '36', 'ECO00400', 'Economía Iii', 13),
(63, '152', 'ECO00500', 'Organización Económica De La Sociedad', 13),
(65, '13', 'EDA10100', 'Autoaprendizaje', 4),
(66, '10', 'HUM27200', 'Desarrollo Sustentable', 3),
(67, '197', 'EFE00000', 'Microcontroladores Pic Y Dsp', 21),
(68, '22', 'HUM12000', 'Epistemología Y Trabajo Social', 3),
(69, '102', 'EFG00000', 'Efg: Electivo De Formación General', 4),
(71, '52', 'EFE05000', 'Efe: Estética Posmoderna', 4),
(72, '31', 'ICO41100', 'Métodos Cuantitativos', 16),
(73, '103', 'GOGES100', 'Gestión Estratégica', 18),
(74, '32', 'EIC10300', 'Cambio Organizacional', 12),
(75, '148', 'EIC20100', 'Mercado De Capitales Y Análisis De Riesgo', 14),
(76, '127', 'EIC20200', 'Marketing Estratégico', 13),
(77, '135', 'EIC20300', 'Política Y Estrategia De Recursos Humanos I', 12),
(78, '25', 'ICO42100', 'Economía Ambiental', 13),
(79, '156', 'CIPEC100', 'Políticas Económicas', 13),
(80, '116', 'EIC30200', 'Finanzas Corporativas', 14),
(81, '136', 'EIC30300', 'Política Y Estrategia De Recursos Humanos Ii', 12),
(82, '93', 'EIC30400', 'Evaluación Social De Proyectos', 12),
(85, '6', 'BTECO100', 'Ecología', 5),
(86, '97', 'CIREN100', 'Recursos Energéticos', 11),
(87, '54', 'EFE01400', 'Efe:gestión Ambiental', 4),
(88, '7', 'EEESX100', 'Estadística', 16),
(89, '15', 'EEEST200', 'Estadística Ii', 16),
(91, '34', 'EST35500', 'Probabilidad Y Estadística', 16),
(92, '153', 'COM14200', 'Programación Ii', 18),
(93, '41', 'ICCOM200', 'Computación Ii', 18),
(94, '37', 'COM23400', 'Computación Básica', 17),
(95, '33', 'COM24101', 'Computación', 17),
(96, '13', 'COM24400', 'Computación I', 13),
(97, '14', 'COM24500', 'Computación Ii', 13),
(98, '14', 'COM31000', 'Computación I', 19),
(99, '35', 'COM35600', 'Computación', 18),
(101, '167', 'DCV20000', 'Sistemas De Impresión', 1),
(102, '142', 'DCV29000', 'Práctica Curricular I', 1),
(103, '164', 'DCV31000', 'Semiología De La Imagen', 1),
(104, '105', 'DCV34000', 'Fotografía Ii', 1),
(105, '122', 'DCV36000', 'Lenguaje Básico Audiovisual', 1),
(106, '144', 'DCV39000', 'Práctica Curricular Ii', 1),
(107, '28', 'DCV44000', 'Diseño En Tv', 1),
(108, '155', 'DCV50000', 'Proyecto Profesional', 1),
(109, '146', 'DCV59000', 'Práctica Profesional', 1),
(110, '88', 'DEQ21000', 'Ergonomía', 1),
(111, '20', 'DEQ24000', 'Dibujo Técnico', 1),
(112, '180', 'DEQ25000', 'Tecnología De Los Materiales I', 1),
(113, '138', 'DEQ31000', 'Mueble De Estilo', 1),
(114, '139', 'DEQ31500', 'Mueble Moderno', 1),
(115, '117', 'DEQ34000', 'Iluminación', 1),
(116, '182', 'DEQ35000', 'Tecnología De Materiales Ii', 1),
(117, '149', 'DEQ36000', 'Procesos De Producción I', 1),
(118, '145', 'DEQ39000', 'Práctica Curricular Ii', 1),
(119, '12', 'DEQ45000', 'Construcción E Instalaciones', 1),
(120, '150', 'DEQ46000', 'Procesos De Producción Ii', 1),
(121, '156', 'DEQ50000', 'Proyecto Profesional', 1),
(122, '147', 'DEQ59000', 'Práctica Profesional', 1),
(124, '70', 'MCDIN100', 'Dibujo De Ingeniería I', 17),
(125, '72', 'MCDIN200', 'Dibujo De Ingeniería Ii', 17),
(126, '10', 'DIB10300', 'Dibujo De Ingeniería Y Distribución En Planta', 20),
(127, '11', 'DIB20100', 'Dibujo De Máquinas', 20),
(128, '16', 'DIS12000', 'Dibujo I', 1),
(129, '17', 'DIS12500', 'Dibujo Ii', 1),
(130, '176', 'DIS14000', 'Técnicas De Documentación En Diseño', 1),
(131, '86', 'DIS15500', 'Elementos De Ecología Humana Ii', 1),
(132, '111', 'DIHAD100', 'Historia Del Arte Y Del Diseño I', 1),
(133, '112', 'DIHAD200', 'Historia Del Arte Y Del Diseño Ii', 1),
(134, '25', 'DICVI100', 'Comunicación Visual', 2),
(136, '113', 'DIHAD300', 'Historia Del Arte Y Del Diseño Iii', 1),
(137, '177', 'DIS33000', 'Técnicas De Expresión I', 1),
(138, '178', 'DIS33500', 'Técnicas De Expresión Ii', 1),
(139, '116', 'DIS34000', 'Marketing', 12),
(140, '132', 'DIMSE100', 'Metodología En Seminario', 1),
(141, '127', 'GOOGE100', 'Organización Y Gestión', 12),
(142, '108', 'DIS42000', 'Grafimática', 1),
(143, '158', 'STDCV100', 'Seminario', 1),
(144, '213', 'DTP11200', 'Historia Del Arte', 17),
(145, '188', 'DTP12200', 'Geometría Descriptiva I', 17),
(146, '354', 'DTP12600', 'Tecnología De Materiales', 17),
(147, '314', 'DTP23100', 'Resistencia De Materiales', 17),
(148, '75', 'DTP23200', 'Dibujo De Máquinas I', 17),
(149, '228', 'DTP23500', 'Instalaciones', 17),
(150, '77', 'DTP24200', 'Dibujo De Máquinas Ii', 17),
(151, '43', 'DTP24300', 'Construcción Ii', 17),
(152, '57', 'DTP24500', 'Dibujo Arquitectónico Ii', 17),
(153, '36', 'DTP35200', 'Computación Aplicada Al Dibujo', 17),
(154, '149', 'DTP35300', 'Estructuras Ii', 17),
(155, '58', 'DTP35400', 'Dibujo Arquitectónico Iii', 17),
(156, '79', 'DTP35500', 'Dibujo De Matricería', 17),
(157, '49', 'DTP35600', 'Cubicación Y Presupuesto', 17),
(158, '343', 'DTP36100', 'Taller De Maquetería', 17),
(159, '290', 'DTP36300', 'Práctica Profesional', 17),
(160, '319', 'DTP36400', 'Seminario De Título', 17),
(162, '127', 'EFE64000', 'Efe: Logística', 17),
(164, '121', 'EFE64100', 'Efe: Gemología', 17),
(165, '56', 'EFE64200', 'Efe: Agentes Inteligentes', 18),
(169, '5', 'HUM26400', 'Aplicación De Los Modelos De Desarrollo', 4),
(188, '77', 'EFPD0360', 'Efe: Taller De Redacción Publicitaria', 1),
(190, '69', 'EFD64000', 'Efd: Pilates', 21),
(191, '195', 'FIL20300', 'Historia De Las Artes Y Humanidades', 4),
(192, '189', 'FIL10400', 'Filosofía De La Cultura', 4),
(193, '188', 'HUFIL100', 'Filosofía', 4),
(195, '17', 'FIS14100', 'Física I', 10),
(197, '43', 'FILFI100', 'Laboratorio De Física I', 10),
(198, '47', 'FIS19500', 'Laboratorio De Física Ii', 10),
(200, '187', 'HUM12810', 'Expresión Oral Y Escrita', 4),
(201, '24', 'FIS24100', 'Física Ii', 10),
(202, '25', 'FIS24800', 'Física Ii', 10),
(203, '31', 'FIS25400', 'Física Iii', 10),
(204, '22', 'FIFIS200', 'Física Ii', 10),
(205, '32', 'FIS25600', 'Física Iii', 10),
(206, '46', 'FILFI200', 'Laboratorio De Física Ii', 10),
(207, '8', 'EFG30600', 'Apreciación Del Arte', 4),
(209, '112', 'HUM22800', 'Efg: Evolución Política', 4),
(210, '113', 'CIICI000', 'Introducción Al Comercio Internacional', 13),
(211, '139', 'CIMIX100', 'Microeconomía', 13),
(212, '26', 'ICI25200', 'Administración Iii', 12),
(213, '149', 'ICI25300', 'Operaciones De Cambios Internacionales', 13),
(214, '185', 'ICI25500', 'Transporte Internacional', 13),
(216, '265', 'ICI32550', 'Optimización De Procesos Industriales Y Contr', 17),
(217, '99', 'ICI35100', 'Gestión Aduanera I', 13),
(218, '170', 'ICI35400', 'Seguros Internacionales', 13),
(219, '101', 'ICI35600', 'Gestión Aduanera Ii', 13),
(220, '310', 'ICI42550', 'Teoría De Sistemas I', 21),
(221, '149', 'CIMCA100', 'Mercados De Capitales', 14),
(222, '190', 'ICI45100', 'Valoración Aduanera I', 13),
(223, '137', 'ICI45200', 'Merciología Física', 13),
(224, '191', 'ICI45700', 'Valoración Aduanera Ii', 13),
(225, '138', 'ICI45800', 'Merciología Química', 13),
(226, '123', 'ICI55000', 'Metodología De La Investigación En Administra', 12),
(227, '5', 'ICI55100', 'Arancel Aduanero I', 13),
(228, '6', 'CIAAD200', 'Arancel Aduanero Ii', 13),
(229, '163', 'ICI55500', 'Regímenes Aduaneros Especiales', 13),
(230, '117', 'ICI55600', 'Laboratorio De Comercio Internacional', 13),
(231, '175', 'ICI55700', 'Taller De Negociaciones Internacionales', 13),
(232, '269', 'HUM26500', 'Los Conflictos En Los Grupos', 4),
(233, '192', 'ICI47100', 'Gestión Estratégica Y Logística En Transporte', 4),
(234, '63', 'IEA11100', 'Introducción A La Ingeniería De Alimentos', 11),
(235, '67', 'IEA22200', 'Materias Primas Animales', 11),
(236, '4', 'BTAAL100', 'Análisis De Alimentos', 11),
(237, '58', 'QUOUN100', 'Operaciones Unitarias I', 8),
(238, '59', 'QUOUN200', 'Operaciones Unitarias Ii', 8),
(239, '19', 'BTNUT100', 'Bioquímica De Alimentos', 11),
(240, '73', 'BTMBA100', 'Microbiología De Alimentos', 11),
(241, '104', 'BTTPC100', 'Tecnología De Procesos De Conservación I', 11),
(242, '41', 'IEA41100', 'Envases Y Embalajes', 11),
(243, '80', 'BTMBI100', 'Microbiología Industrial', 11),
(244, '105', 'BTTPC200', 'Tecnología De Procesos De Conservación Ii', 11),
(245, '82', 'IEA41400', 'Nutrición Humana', 11),
(246, '108', 'IEA41500', 'Toxicología', 11),
(247, '30', 'IEA41600', 'Mantenimiento De Equipos', 20),
(248, '86', 'PPIIA100', 'Práctica Profesional', 11),
(249, '74', 'MTMAX100', 'Matemática', 9),
(250, '43', 'ELELT100', 'Electrotecnia', 19),
(251, '10', 'IEE24000', 'Ciencia De Los Materiales Eléctricos', 19),
(252, '80', 'IEE25000', 'Programación Ii', 19),
(253, '2', 'ELACI100', 'Análisis De Circuitos I', 19),
(254, '38', 'IEE25200', 'Electrónica I', 19),
(255, '3', 'ELACI200', 'Análisis De Circuitos Ii', 19),
(257, '18', 'IEE35100', 'Conversión De Energía Eléctrica', 19),
(258, '91', 'IEE35300', 'Sistemas Digitales I', 19),
(259, '62', 'IEE40200', 'Máquinas Eléctricas', 19),
(260, '66', 'IEE44100', 'Microondas Y Líneas', 19),
(261, '90', 'ELSTC100', 'Sistemas De Telecomunicaciones', 19),
(262, '69', 'IEE44400', 'Microprocesadores I', 19),
(263, '99', 'IEE45200', 'Transmisores Y Antenas', 19),
(264, '42', 'ELEIN100', 'Electrónica Industrial', 19),
(265, '70', 'IEE45400', 'Microprocesadores Ii', 19),
(266, '17', 'IEE45500', 'Control Automático Ii', 19),
(268, '240', 'IEG11100', 'Introducción A La Topografía', 17),
(269, '92', 'IEG23100', 'Dibujo Topográfico Ii', 17),
(270, '29', 'IEG24100', 'Cartografía General', 17),
(271, '372', 'IEG24200', 'Topografía Iii', 17),
(272, '178', 'IEG24300', 'Geografía Física Ii', 17),
(273, '170', 'GDGDS100', 'Geodesia I', 17),
(274, '16', 'IEG35200', 'Astronomía I', 17),
(275, '374', 'IEG35300', 'Topografía Iv', 17),
(276, '183', 'IEG35400', 'Geología', 17),
(277, '172', 'GDGDS200', 'Geodesia Ii', 17),
(278, '17', 'IEG36200', 'Astronomía Ii', 17),
(279, '81', 'IEG36300', 'Elementos De Construcción', 6),
(280, '376', 'IEG36400', 'Topografía V', 17),
(281, '192', 'IEG36500', 'Geomorfología', 17),
(282, '167', 'IEG47100', 'Fotogrametría I', 17),
(284, '87', 'MTMAT100', 'Matemática I', 9),
(285, '120', 'CFFIN100', 'Finanzas I', 14),
(286, '36', 'CICMX100', 'Comercialización', 12),
(287, '150', 'CIOCE100', 'Operaciones De Comercio Exterior I', 13),
(288, '64', 'CFDER100', 'Derecho I', 14),
(289, '125', 'CFFIN200', 'Finanzas Ii', 14),
(290, '151', 'CIOCE200', 'Operaciones De Comercio Exterior Ii', 13),
(291, '188', 'CITSE100', 'Transportes Y Seguros I', 13),
(294, '130', 'CIFII100', 'Finanzas Internacionales', 14),
(295, '8', 'CICLI100', 'Comercialización Internacional', 13),
(296, '189', 'ACI44300', 'Transportes Y Seguros Ii', 13),
(297, '68', 'CFDER300', 'Derecho Iii', 14),
(298, '156', 'GOPEP100', 'Preparación Y Evaluación De Proyectos', 14),
(299, '167', 'CIRIN100', 'Relaciones Internacionales', 13),
(301, '84', 'HUM26700', 'Efg:comunicación Interpersonal', 4),
(302, '3', 'GOADX100', 'Administración', 12),
(303, '34', 'CIECO100', 'Economía I', 13),
(304, '5', 'EAI24700', 'Administración Financiera Y De Costos', 14),
(305, '46', 'BTFEP100', 'Formulación Y Evaluación De Proyectos', 11),
(306, '19', 'GOAGE100', 'Administración General De Empresas', 12),
(307, '2', 'ADM40101', 'Administración De Empresas', 17),
(308, '55', 'BYD14300', 'Introducción A La Computación', 15),
(309, '45', 'BYD24000', 'Fuentes Generales De Información', 15),
(310, '13', 'BYD24100', 'Catalogación I', 15),
(311, '14', 'BYD24200', 'Catalogación Ii', 15),
(312, '15', 'BYD25000', 'Clasificación I', 15),
(313, '16', 'BYD25100', 'Clasificación Ii', 15),
(314, '1', 'BYD25200', 'Administración General Bibliotecaria', 15),
(315, '66', 'BYD25300', 'Publicaciones Periódicas Y Seriadas', 15),
(316, '56', 'BYD25500', 'Introducción A La Educación Para Bibliotecari', 15),
(317, '10', 'BYD34000', 'Bibliografía Y Referencia', 15),
(318, '2', 'BYD34100', 'Análisis De Información', 15),
(319, '67', 'BYD34200', 'Recuperación De Información', 15),
(320, '46', 'BYD34300', 'Fundamentos De Análisis De Sistemas', 15),
(321, '11', 'BYD34400', 'Biblioteca Escolar Y Pública', 15),
(322, '49', 'BYD35200', 'Gestión Bibliotecaria', 15),
(323, '58', 'BYD35500', 'Materiales Audiovisuales', 15),
(324, '58', 'BYD36000', 'Efe: Literatura Infantil', 4),
(325, '139', 'BYD39000', 'Práctica Intermedia', 12),
(326, '43', 'BYD44100', 'Fuentes De Información En Ciencia Y Tecnologí', 15),
(327, '7', 'BYD44200', 'Arquitectura Bibliotecaria', 15),
(328, '6', 'BYD44400', 'Archivística', 15),
(329, '65', 'BYD44500', 'Preservación Y Restauración Del Material Bibl', 15),
(330, '82', 'BYD44600', 'Tecnología De La Información', 15),
(331, '73', 'BYD44700', 'Redes Y Servicios De Información', 15),
(332, '38', 'BYD44800', 'Estudios Y Educación De Usuarios', 15),
(333, '35', 'EFE02100', 'Efe: Tópicos Avanzados Para Bibliotecas Publi', 15),
(334, '9', 'BYD54600', 'Automatización De Unidades De Información', 15),
(335, '79', 'BYD54700', 'Sistemas De Información', 15),
(336, '216', 'BYD59000', 'Práctica Profesional', 21),
(337, '274', 'BYD59900', 'Seminario De Título', 21),
(338, '34', 'CFCTB100', 'Contabilidad I', 14),
(339, '40', 'CFCTB200', 'Contabilidad Ii', 14),
(340, '21', 'CFCTX100', 'Contabilidad', 14),
(341, '53', 'CFCOS100', 'Costos I', 14),
(342, '55', 'CFCOS200', 'Costos Ii', 14),
(343, '6', 'CFACO100', 'Análisis De Costos', 14),
(344, '142', 'GOLLA100', 'Legislación Laboral', 14),
(345, '145', 'CAD12100', 'Legislación Tributaria', 14),
(346, '138', 'CAD14000', 'Introducción A La Actividad Profesional', 14),
(347, '8', 'CAD24700', 'Aplicaciones Computacionales I', 14),
(348, '46', 'CAD34800', 'Contabilidad Iv', 14),
(349, '9', 'CAD35000', 'Aplicaciones Computacionales Ii', 14),
(350, '169', 'CAD35100', 'Sistemas De Información I', 14),
(351, '28', 'CAD35200', 'Contabilidad Gubernamental', 14),
(352, '14', 'CAD35300', 'Auditoría I', 14),
(353, '186', 'CAD35500', 'Tributación I', 14),
(354, '170', 'CAD45600', 'Sistemas De Información Ii', 14),
(355, '15', 'CAD45700', 'Auditoría Ii', 14),
(356, '187', 'CAD46000', 'Tributación Ii', 14),
(357, '16', 'CAD46200', 'Auditoría Iii', 14),
(358, '126', 'CAD46300', 'Finanzas Iii', 14),
(359, '188', 'CAD46400', 'Tributación Iii', 14),
(361, '157', 'CAD49000', 'Preseminario', 14),
(362, '152', 'CAD49100', 'Práctica', 14),
(363, '162', 'CAD59200', 'Seminario', 14),
(365, '22', 'CAD59700', 'Contabilidad Avanzada', 14),
(366, '99', 'BTRGC100', 'Recursos Geofísicos En Chile', 11),
(367, '60', 'CAR51000', 'Práctica Profesional', 2),
(368, '23', 'HUCES100', 'Comunicación Escrita', 4),
(369, '316', 'HUTCX100', 'Técnica De La Comunicación Lingüística', 4),
(370, '301', 'CAS10400', 'Redacción De Informes Profesionales', 4),
(371, '317', 'CAS11100', 'Técnica De La Comunicación Lingüística I', 4),
(372, '318', 'CAS11200', 'Técnica De La Comunicación Lingüística Ii', 4),
(373, '40', 'IIM24100', 'Elementos De Máquinas', 11),
(375, '91', 'IIM34100', 'Propiedades Físicas Y Mecánicas De La Madera', 11),
(376, '311', 'IIM34200', 'Química De La Madera', 17),
(377, '51', 'IIM34600', 'Industrias Químicas', 11),
(378, '315', 'IIM34700', 'Secado De La Madera', 17),
(379, '284', 'IIM39000', 'Práctica Estival Ii', 17),
(380, '110', 'IIM44000', 'Transporte Y Extracción De Desechos', 11),
(381, '21', 'IIM44100', 'Biodeterioro Y Preservación De La Madera', 17),
(382, '1', 'IIM44300', 'Adhesivos Y Recubrimientos Para Madera', 17),
(383, '340', 'IIM44400', 'Tableros De Madera', 17),
(384, '351', 'IIM44500', 'Tecnología De La Construcción En Madera', 17),
(385, '266', 'IIM44700', 'Organización De La Producción', 17),
(386, '292', 'IIM49000', 'Práctica Profesional', 17),
(387, '131', 'EFG62600', 'Efg:introducción Al Uso Del Lenguaje Escrito', 4),
(388, '79', 'ICELC100', 'Elementos De Computación', 18),
(389, '149', 'ICPRO100', 'Programación', 18),
(391, '133', 'ELMIE100', 'Microelectrónica', 18),
(393, '90', 'ICEDI100', 'Estructuras Discretas I', 18),
(394, '174', 'ICSIN100', 'Sistemas De Información I', 18),
(395, '175', 'ICSIN200', 'Sistemas De Información Ii', 18),
(396, '82', 'ICEDA100', 'Estructuras De Datos', 18),
(397, '124', 'ICLPR100', 'Lenguajes De Programación', 18),
(398, '202', 'ICTEQ100', 'Tecnología De Equipos', 18),
(399, '141', 'ICOCO100', 'Organización De Computadores', 18),
(402, '91', 'ICEDI200', 'Estructuras Discretas Ii', 18),
(403, '144', 'INF34100', 'Organización Y Recuperación De Información', 18),
(404, '93', 'ICEPR100', 'Evaluación De Proyectos', 18),
(405, '210', 'INF34300', 'Teoría De Autómatas Y Lenguajes Formales', 18),
(406, '6', 'ICAAL100', 'Análisis De Algoritmos', 18),
(407, '132', 'ICMNU100', 'Métodos Numéricos', 18),
(408, '190', 'ICSOP100', 'Sistemas Operativos', 18),
(409, '215', 'INF34800', 'Transmisión De Datos', 18),
(410, '211', 'INF35700', 'Gestión Tecnológica', 17),
(411, '22', 'ICBDA100', 'Bases De Datos', 18),
(415, '11', 'ICACO100', 'Arquitectura De Computadores', 18),
(416, '46', 'INF42201', 'Comunicación De Datos', 18),
(419, '300', 'HURIN100', 'Redacción De Informes', 4),
(420, '120', 'CCC14100', 'Materiales De Construcción I', 6),
(421, '96', 'CCC14200', 'Geometría Descriptiva I', 6),
(422, '121', 'CCC15100', 'Materiales De Construcción Ii', 6),
(423, '97', 'CCC15200', 'Geometría Descriptiva Ii', 6),
(424, '33', 'CCC24200', 'Dibujo E Interpretación De Planos', 6),
(425, '160', 'GDTOP100', 'Topografía I', 6),
(426, '82', 'CCC25100', 'Estabilidad', 6),
(427, '118', 'CCC25200', 'Maquinarias Y Equipos De Edificación', 6),
(428, '161', 'GDTOP200', 'Topografía Ii', 6),
(429, '133', 'CCC49000', 'Práctica Estival Iii', 6),
(430, '136', 'PRPRI100', 'Prevención De Riesgos', 6),
(431, '47', 'CCC34300', 'Edificación', 6),
(432, '156', 'CCC34500', 'Tecnología Del Hormigón I', 6),
(433, '138', 'CCC34600', 'Programación Aplicada A La Construcción', 6),
(434, '83', 'CCC35200', 'Estructuras De Madera', 6),
(435, '6', 'CCC35300', 'Análisis De Costos', 6),
(436, '157', 'CCC35500', 'Tecnología Del Hormigón Ii', 6),
(437, '119', 'CCC35600', 'Máquinas De Movimiento De Tierra', 6),
(438, '131', 'CCC29000', 'Práctica Estival I', 6),
(439, '153', 'CCC39100', 'Taller De Programación Aplicada A La Construc', 6),
(440, '106', 'CCC44100', 'Hormigón Armado Ii', 6),
(441, '104', 'CCC44200', 'Hidráulica General', 6),
(442, '148', 'CCC44300', 'Sistemas De Programación', 6),
(443, '116', 'CCC44500', 'Legislación De La Construcción', 6),
(444, '2', 'CCC44600', 'Administración De Empresas De Construcción I', 6),
(445, '102', 'CCC45200', 'Hidráulica Aplicada', 6),
(446, '139', 'CCC45300', 'Programación De Obras', 6),
(447, '29', 'CCC45400', 'Construcción Y Explotación De Obras Viales', 6),
(448, '4', 'CCC45500', 'Agua Potable', 6),
(449, '3', 'CCC45600', 'Administración De Empresas De Construcción Ii', 6),
(450, '132', 'CCC39000', 'Práctica Estival Ii', 6),
(451, '5', 'CCC54200', 'Alcantarillado', 6),
(452, '90', 'CCC54300', 'Evaluación De Proyectos', 6),
(453, '109', 'CCC54500', 'Instalaciones Eléctricas Y De Gas', 6),
(454, '126', 'CCC55100', 'Obras Hidráulicas', 6),
(455, '127', 'CCC55300', 'Planificación', 6),
(456, '154', 'CCTPR100', 'Taller De Proyecto', 6),
(457, '152', 'CCC59500', 'Taller De Estructuras', 6),
(458, '150', 'CCC59700', 'Taller De Construcción Ii', 6),
(459, '98', 'EFE05900', 'Efe: Negociación Para La Toma De Decisiones F', 14),
(462, '78', 'QUI11810', 'Química General', 8),
(463, '234', 'CIV11110', 'Introducción A La Ingeniería', 17),
(464, '235', 'HIG60100', 'Inglés Remedial', 4),
(466, '161', 'FIS1181', 'Introducción A La Fisica', 21),
(467, '40', 'MAT12810', 'Cálculo Ii', 9),
(468, '16', 'MAT12820', 'Álgebra Lineal', 9),
(469, '168', 'HCG60600', 'Representación Gráfica Del Relieve', 13),
(470, '327', 'IND31010', 'Sistemas De Administración', 17),
(471, '62', 'DIB12811', 'Dibujo De Ingenieria', 17),
(473, '80', 'INF21410', 'Elementos De Computación', 18),
(474, '45', 'MAT21810', 'Cálculo Iii', 9),
(476, '101', 'FIS2181', 'Electromagnetismo', 21),
(477, '289', 'HUM04800', 'Problemática Juvenil', 4),
(478, '216', 'ING21810', 'Inglés I', 4),
(479, '95', 'INF22410', 'Fundamentos De Programación', 18),
(482, '207', 'FIS2281', 'Optica Y Ondas', 21),
(483, '222', 'ING22810', 'Inglés Ii', 4),
(484, '83', 'INF31410', 'Estructuras De Datos', 18),
(486, '63', 'ELE31210', 'Microelectrónica', 19),
(487, '11', 'MAT31820', 'Estadística', 16),
(488, '125', 'FIS3181', 'Fisica Moderna', 21),
(489, '125', 'INF32410', 'Lenguajes De Programación', 18),
(490, '87', 'INF32420', 'Estructuras Discretas', 18),
(491, '71', 'EFET0150', 'Efe: Administración De Obras Urbanas', 21),
(492, '203', 'INF32210', 'Tecnología De Equipos', 18),
(493, '33', 'HUM27300', 'Desarrollo De La Ciencia En América', 4),
(494, '129', 'EFE63900', 'Efe: Metodología De La Investigación', 17),
(495, '208', 'INF41410', 'Teoría De Autómatas', 18),
(496, '2', 'INF41420', 'Algoritmos Numéricos', 18),
(498, '142', 'INF41210', 'Organización De Computadores', 18),
(499, '191', 'INF42220', 'Sistemas Operativos', 18),
(500, '67', 'EFE06100', 'Efe: Gestión Del Capital Intelectual Y Compet', 12),
(501, '171', 'QUI1211', 'Laboratorio Quimica General', 21),
(503, '119', 'EIC10200', 'Finanzas Corporativas I', 21),
(504, '256', 'MEC22210', 'Resistencia De Materiales', 21),
(508, '199', 'ICI32510', 'Microeconomía', 21),
(512, '324', 'ICI42510', 'Simulación Microeconómica', 17),
(513, '263', 'ICI42520', 'Modelos Macro Econométricos', 17),
(514, '235', 'ICI42530', 'Producción Ii', 21),
(516, '165', 'ICI5211', 'Invest. Operacional', 21),
(517, '52', 'ICI52520', 'Desarrollo Económico', 17),
(518, '244', 'ICI52530', 'Investigación De Operaciones Ii', 17),
(519, '22', 'MAT31810', 'Cálculo Numérico', 21),
(521, '42', 'EFPD0090', 'Diseño Y Estética Post Moderna', 4),
(522, '56', 'EFE50000', 'Efe: Envases', 1),
(523, '57', 'EFPD0170', 'Efe: Estética Fotográfica', 1),
(525, '38', 'EFPD0190', 'Efe: Ciencias De Los Materiales', 1),
(526, '188', 'EFPDO28*', 'Mediatica Audiovisual I', 21),
(527, '120', 'EFPD0200', 'Ilustración Ii', 1),
(528, '87', 'DIS50100', 'Epistemología De Las Ciencias Y De Las Artes', 1),
(530, '119', 'EFPD0290', 'Ilustración Digital', 1),
(531, '256', 'EFPD0340', 'La Microempresa, Pyme', 4),
(532, '52', 'CCC60800', 'Efe:avaluaciones', 6),
(533, '106', 'HUM15600', 'Efg:el Nuevo Orden Político Internacional', 4),
(534, '270', 'HUM06900', 'Los Lenguajes De La Vanguardia', 4),
(535, '75', 'HUM24200', 'Efg:chile Entre Dos Dictaduras', 4),
(536, '37', 'HUM06000', 'Desvalorización De Culturas Populares', 4),
(537, '117', 'HUM19700', 'Efg: Fundamentos De La Ciencia', 4),
(538, '87', 'EFG06500', 'Efg: Construcción De La Ciencia En Chile', 4),
(539, '315', 'HUM01500', 'Teatro Nacional', 4),
(542, '161', 'HUM01800', 'Efg: Sociedad Y Soledad Del Sujeto', 4),
(544, '24', 'HUM02000', 'Comunicación Interpersonal', 4),
(546, '157', 'HUM02200', 'Efg: Relaciones Humanas En El Mundo', 4),
(547, '100', 'EFG62300', 'Efg: Descubriéndose A Sí Mismo', 4),
(549, '40', 'IEM24000', 'Mecánica General I', 20),
(550, '71', 'IEM24100', 'Tecnología Mecánica', 20),
(551, '64', 'IEM25000', 'Resistencia De Materiales I', 20),
(552, '42', 'IEM25100', 'Mecánica General Ii', 20),
(553, '52', 'IEM25200', 'Procesos Mecánicos I', 20),
(554, '73', 'PRSEI100', 'Seguridad Industrial', 5),
(555, '2', 'IEM34100', 'Ciencia De Los Materiales', 20),
(556, '66', 'IEM34200', 'Resistencia De Materiales Ii', 20),
(557, '78', 'IEM35000', 'Termodinámica Ii', 20),
(558, '5', 'IEM35200', 'Computación', 20),
(559, '13', 'IEM35300', 'Diseños Mecánicos', 20),
(560, '49', 'MCPRI100', 'Prevención De Riesgos', 20),
(561, '33', 'MCMTE100', 'Máquinas Térmicas', 20),
(562, '31', 'IEM44100', 'Máquinas Hidráulicas', 20),
(563, '56', 'IEM44300', 'Procesos Mecánicos Iii', 20),
(564, '19', 'IEM45100', 'Evaluación E Implementación De Proyectos Mecá', 20),
(565, '58', 'IEM45200', 'Procesos Mecánicos Iv', 20),
(566, '9', 'IEM45300', 'Control De Calidad', 20),
(567, '27', 'IEM45400', 'Mantención Y Montaje', 20),
(568, '81', 'QUQGX100', 'Química General', 8),
(569, '97', 'QUQCO100', 'Química Orgánica I', 8),
(570, '72', 'QUQCL100', 'Química Analítica Cualitativa', 8),
(571, '2', 'BTBIO100', 'Biología', 5),
(572, '84', 'QUQGE100', 'Química General I', 8),
(573, '86', 'QUQGE200', 'Química General Ii', 8),
(574, '98', 'IEQ20100', 'Química Orgánica Ii', 8),
(575, '73', 'QUQCN100', 'Química Analítica Cuantitativa', 8),
(576, '37', 'QUFQU100', 'Físico-química', 8),
(577, '90', 'QUQIX100', 'Química Inorgánica', 8),
(578, '76', 'BTMBG100', 'Microbiología General', 11),
(579, '101', 'QUQCO200', 'Química Orgánica Ii', 8),
(580, '16', 'BTBQC100', 'Bioquímica', 11),
(581, '107', 'IEQ32100', 'Termodinámica De Ingeniería', 8),
(582, '47', 'BTGCA100', 'Gestión De Calidad', 11),
(583, '4', 'QUAIN100', 'Análisis Instrumental', 8),
(584, '72', 'BTMBX100', 'Microbiología', 11),
(585, '2', 'QUASU100', 'Análisis De Suelos', 8),
(586, '30', 'EFG90000', 'Efg: El Hombre, La Ciencia Y El Medio Ambient', 8),
(587, '7', 'IEQ42200', 'Análisis Y Tratamiento De Aguas', 8),
(588, '13', 'IEQ42300', 'Cinética Aplicada', 8),
(589, '62', 'IEQ42500', 'Práctica Profesional', 8),
(590, '12', 'QUCTM100', 'Ciencia Y Tecnología De Los Materiales', 8),
(591, '93', 'IET24200', 'Dibujo Topográfico Y Urbanístico', 17),
(592, '236', 'IET24900', 'Introducción A La Ingeniería De Transporte', 17),
(593, '405', 'IET25000', 'Urbanismo', 17),
(594, '218', 'IET25100', 'Ingeniería De Tránsito I', 17),
(595, '99', 'IET25300', 'Diseño Vial', 17),
(596, '316', 'IET25400', 'Seguridad I', 17),
(597, '106', 'IET25500', 'Economía De Transporte I', 17),
(598, '219', 'IET34100', 'Ingeniería De Tránsito Ii', 17),
(599, '407', 'IET34200', 'Vías Rápidas', 17),
(600, '317', 'IET34300', 'Seguridad Ii', 17),
(601, '393', 'IET34500', 'Transporte Ferroviario', 17),
(603, '269', 'IET35000', 'Planificación De Transporte', 17),
(604, '232', 'IET35100', 'Instrumentación Y Equipos', 17),
(605, '109', 'IET35300', 'Educación Vial', 17),
(606, '248', 'IET35500', 'Legislación', 17),
(607, '50', 'IET35600', 'Derecho Del Transporte', 17),
(608, '278', 'IET39000', 'Práctica De Tránsito', 17),
(609, '329', 'IET44000', 'Sistemas De Distancia', 17),
(610, '1', 'IET44200', 'Accidentes', 20),
(611, '253', 'IET44300', 'Manejo De Carga', 17),
(612, '397', 'IET44400', 'Transporte Urbano', 17),
(613, '394', 'IET44500', 'Transporte Marítimo', 17),
(614, '357', 'IET45000', 'Terminales', 17),
(615, '339', 'IET45100', 'Sociología Del Tránsito', 17),
(616, '399', 'IET45300', 'Transporte Varios Y Especiales', 17),
(617, '279', 'IET49100', 'Práctica De Transporte', 17),
(618, '249', 'CFLEM100', 'Legislación Empresarial', 17),
(619, '25', 'ELCTO100', 'Calidad Total', 17),
(620, '350', 'IGI52000', 'Tecnología De Información En Gestión', 17),
(621, '197', 'CIGIA100', 'Gestión De Impacto Ambiental', 17),
(622, '312', 'IGI52200', 'Reingeniería', 17),
(623, '163', 'IGI52300', 'Formulación Y Evaluación De Proyectos', 17),
(624, '309', 'IGI52400', 'Proyectos', 17),
(626, '50', 'EFE51100', 'Efe: Diseño Digital', 1),
(628, '98', 'IIM14000', 'Recursos Forestales', 11),
(629, '87', 'IIM14100', 'Principios De Silvicultura Y Manejo', 11),
(630, '60', 'IIM14200', 'Introducción A La Industria De La Madera', 11),
(631, '30', 'IIM24000', 'Característica Y Reconocimiento De La Madera', 11),
(633, '12', 'EEEST100', 'Estadística I', 16),
(634, '101', 'MTMEM200', 'Matemática Ii', 9),
(635, '23', 'GOADM100', 'Administración I', 12),
(636, '161', 'AAI14100', 'Producción Vegetal I', 13),
(637, '109', 'AAI14300', 'Introducción A La Agroindustria', 13),
(638, '111', 'CIIEC000', 'Introducción A La Economía', 13),
(639, '162', 'AAI14600', 'Producción Vegetal Ii', 13),
(640, '28', 'AAI24100', 'Economía De Empresas I', 13),
(641, '178', 'AAI24200', 'Tecnología De Alimentos I', 13),
(642, '124', 'GOMTA100', 'Métodos Y Técnicas De La Administración', 12),
(643, '29', 'AAI24500', 'Economía De Empresas Ii', 13),
(644, '179', 'AAI24600', 'Tecnología De Alimentos Ii', 13),
(645, '167', 'AAI24700', 'Sistemas De Información Administrativa I', 14),
(646, '160', 'AAI33900', 'Producción Forestal Y Técnicas De La Madera', 13),
(647, '8', 'AAI34000', 'Administración De La Producción I', 12),
(648, '23', 'AAI34100', 'Economía Agroindustrial', 13),
(649, '19', 'AAI34200', 'Desarrollo Tecnológico Y Procesos Unitarios I', 13),
(650, '168', 'AAI34300', 'Sistemas De Información Administrativa Ii', 14),
(651, '27', 'AAI34400', 'Investigación Operacional', 16),
(652, '4', 'AAI34600', 'Administración Agroindustrial I', 12),
(653, '38', 'CICMC100', 'Comercialización I', 12),
(654, '29', 'AAI44000', 'Metodología De La Investigación Científica', 16),
(655, '3', 'AAI44100', 'Administración Financiera I', 14),
(656, '5', 'AAI44200', 'Administración Agroindustrial Ii', 12),
(657, '41', 'CICMC200', 'Comercialización Ii', 12),
(658, '91', 'AAI44400', 'Envases Y Embalajes', 13),
(659, '4', 'AAI44500', 'Administración Financiera Ii', 14),
(660, '161', 'GOFEP100', 'Formulación Y Evaluación De Proyectos', 17),
(661, '112', 'EEIME100', 'Investigación De Mercado', 12),
(662, '48', 'AAI44800', 'Control De Calidad', 12),
(663, '90', 'AAI54000', 'Ética Administrativa', 12),
(664, '131', 'GOPEA100', 'Políticas Y Estrategia Administrativa', 12),
(665, '3', 'AAI54200', 'Administración De Factores Ambientales', 13),
(666, '171', 'AAI54300', 'Seminario', 13),
(667, '112', 'CIIAE000', 'Introducción Al Análisis Económico', 13),
(668, '95', 'CIGEC100', 'Geografía Económica I', 13),
(669, '150', 'CFMIE100', 'Microeconomía', 14),
(670, '21', 'BTEMA100', 'Ecología Y Medio Ambiente', 13),
(672, '118', 'CIMAX100', 'Macroeconomía', 13),
(673, '4', 'EEAPX100', 'Administración De La Producción', 17),
(674, '37', 'CIEIN100', 'Economía Internacional', 13),
(675, '75', 'QUI32100', 'Química Analítica Ii', 8),
(676, '3', 'QUI41100', 'Análisis Espectroscópico Clásico', 8),
(677, '103', 'QUI42100', 'Quimica Y Tecnologia De Materiales', 8),
(678, '114', 'QUI51100', 'Unidad De Investigación', 8),
(679, '18', 'QUI52100', 'Diseño Y Evaluación De Proyectos', 8),
(681, '45', 'EFE02800', 'Efe: Bromatologia', 4),
(682, '34', 'CDCIC120', 'Dibujo E Interpretación De Planos', 6),
(683, '16', 'SIS26600', 'Auditoría Computacional', 18),
(684, '9', 'SIS26800', 'Análisis De Sistemas I', 18),
(685, '51', 'SIS36100', 'Desarrollo De Software', 18),
(686, '176', 'SIS36300', 'Sistemas De Información Iii', 18),
(687, '1', 'SIS36500', 'Administración De Recursos Informáticos', 18),
(688, '10', 'SIS36700', 'Análisis De Sistemas Ii', 18),
(689, '303', 'SOC30200', 'Relaciones Humanas', 4),
(690, '325', 'SOC10200', 'Teoría Sociológica', 4),
(691, '30', 'SSS14000', 'Introducción Al Trabajo Social', 3),
(692, '28', 'SSS14100', 'Fundamentos Bioecológicos', 3),
(693, '24', 'SSS14200', 'Ética Y Crecimiento Personal En Trabajo Socia', 3),
(694, '47', 'SSS14300', 'Planificación De Políticas Sociales Y Trabajo', 3),
(695, '29', 'SSS14400', 'Introducción Al Derecho', 3),
(697, '38', 'SSS24000', 'Método Básico De Intervención En Trabajo Soci', 3),
(698, '34', 'SSS24200', 'Investigación Social I Para Trabajo Social', 3),
(699, '9', 'SSS24300', 'Derecho De Familia', 3),
(700, '4', 'SSS24400', 'Administración De Recursos Humanos', 3),
(701, '39', 'SSS34100', 'Método De Intervención En Trabajo Social I', 3),
(702, '40', 'SSS34200', 'Método De Intervención En Trabajo Social Ii', 3),
(703, '57', 'TSRSC100', 'Realidad Social Y Cultural Chilena Y Trabajo ', 3),
(704, '33', 'TSIST200', 'Investigación Social Ii Para Trabajo Social', 3),
(705, '61', 'SSS34000', 'Servicio De Bienestar Y Beneficios Sociales', 3),
(706, '41', 'SSS24500', 'Método De Intervención En Trabajo Social Iii', 3),
(707, '42', 'SSS24600', 'Método De Intervención En Trabajo Social Iv', 3),
(708, '55', 'SSS34300', 'Psiquiatría', 3),
(709, '58', 'SSS34400', 'Relaciones Humanas En Trabajo Social', 3),
(710, '27', 'SSS34500', 'Formulación Y Evaluación De Programas Y Proye', 3),
(711, '74', 'SSS39000', 'Trabajo Social Con Individuos Y Grupos', 3),
(712, '75', 'SSS39100', 'Trabajo Social Con Organizaciones Y Comunidad', 3),
(730, '53', 'SSS49000', 'Práctica Profesional', 3),
(734, '17', 'EFS00700', 'Electivo Familia Y Sociedad', 3),
(735, '18', 'EFR00701', 'Electivo Organizaciones', 3),
(737, '14', 'EFD00700', 'Electivo Comunidad', 3),
(738, '291', 'HSG60500', 'Proyecto De Turismo Rural', 4),
(739, '64', 'PIE36200', 'Microondas, Líneas, Transmisores Y Antenas', 19),
(740, '55', 'PIE24100', 'Laboratorio De Sistema Digitales', 19),
(741, '74', 'PPPIE100', 'Práctica Profesional', 19),
(742, '9', 'FIS11100', 'Física', 10),
(743, '49', 'PIE23100', 'Laboratorio De Electrónica', 19),
(744, '181', 'ICSDX100', 'Sistemas Digitales', 18),
(745, '135', 'IEE42100', 'Optimización', 18),
(746, '77', 'IEB10100', 'Matemática I', 9),
(747, '100', 'MTMED200', 'Matemática Ii', 9),
(749, '15', 'IEE43100', 'Arquitectura Y Redes De Computadores', 18),
(750, '128', 'IEE12300', 'Metodología De Desarrollo De Sia', 18),
(752, '96', 'HUM02700', 'Efg:delincuencia Y Desviación Juvenil', 4),
(753, '163', 'CCC62100', 'U. Tec. En Diseño Const. En Madera', 6),
(755, '15', 'HUM0300', 'Chile En La Integración', 4),
(756, '107', 'HUM03200', 'Efg:el Rol De La Mujer En La Sociedad Contemp', 4),
(760, '263', 'HUM03600', 'Literatura De La Ciencia-ficción En Inglés', 4),
(761, '8', 'HUM03700', 'Comunicación Organizacional', 3),
(765, '282', 'HUM04500', 'Personalidad Y Estrategias Del Desarrollo', 4),
(766, '260', 'HUM04600', 'Liderazgo Organizacional', 4),
(772, '153', 'EFG00300', 'Efg: Promoción Cultural', 4),
(773, '165', 'HUM07800', 'Efg:teoría Y Práctica De La Apreciación Artís', 4),
(774, '67', 'CCC62200', 'Efe:nuevos Desafíos Del Ingeniero Constructor', 6),
(775, '169', 'FIS3182', 'Laboratorio De Fisica Ii', 21),
(776, '118', 'EFPD0030', 'Ilustración', 1),
(777, '84', 'EFP00180', 'Efp: Ergonomía Aplicada', 1),
(778, '3', 'EFPD0250', 'Arte Y Diseño Latinoamericano', 1),
(779, '130', 'EFPD0280', 'Mediática Audiovisual', 1),
(780, '304', 'ICI41530', 'Producción I', 17),
(781, '38', 'ICI41540', 'Contabilidad General De Costos', 21),
(782, '26', 'CFCGE100', 'Contabilidad General', 14),
(785, '85', 'EFG05700', 'Efg: Gestión Hotelera', 12),
(787, '88', 'EFG05800', 'Efg: Turismo Rural', 12),
(789, '61', 'EFPD0050', 'Efe: Juegos Didácticos', 1),
(790, '295', 'PRE06100', 'Practica Profesional Ii', 17),
(795, '27', 'HUM15400', 'Contando El Cuento', 4),
(796, '18', 'HUM-210*', 'Cincuenta Años De Conflicto', 4),
(797, '169', 'HUM21200', 'El Concepto Del Héroe, Su Gloria, Su Caída', 4),
(803, '75', 'EFE62101', 'Efe: Redes De Área Local', 18),
(806, '290', 'HUM07500', 'Proceso Transición A La Democracia', 4),
(808, '283', 'HUM14600', 'Pertenencia A Una Clase Social', 4),
(811, '43', 'HUM60100', 'Ecología Del Desarrollo Humano', 4),
(812, '84', 'EFE21000', 'Efe: Control De Gestión', 14),
(813, '252', 'EFE90500', 'Introducción A La Química Atmosférica', 4),
(815, '26', 'EFE90600', 'Efe: Pinturas Y  Proceso De Fabricación', 8),
(816, '118', 'INF49000', 'Inteligencia Artificial', 18),
(818, '324', 'TEC20100', 'Teoría De La Comunicación', 4),
(820, '26', 'MATIC210', 'Cálculo', 9),
(821, '20', 'FISIC220', 'Física I', 10),
(822, '17', 'CDCIC230', 'Ciencia De Los Materiales Ii', 6),
(823, '32', 'CDCIC240', 'Desarrollo Sustentable En Construcción', 6),
(824, '59', 'MATIC310', 'Ecuaciones Diferenciales Y Métodos Numéricos', 9),
(825, '113', 'MATIC320', 'Modelos Aplicados A La Ingeniería', 9),
(826, '28', 'FISIC330', 'Física Ii', 10),
(827, '18', 'CDCIC340', 'Ciencias De La Ingenieria En Construcción', 6),
(828, '158', 'CDCIC410', 'Termodinámica', 6),
(829, '94', 'CDCIC420', 'Geoinformación', 6),
(830, '144', 'CDCIC430', 'Resistencia De Materiales', 6),
(831, '123', 'CDCIC440', 'Mecánica De Fluidos E Hidráulica', 6),
(832, '62', 'EFBIC510', 'Electivo De Formación Básica', 9),
(833, '84', 'CDCIC530', 'Estructuras I', 6),
(834, '48', 'CDCIC540', 'Edificación', 6),
(835, '282', 'IIM29000', 'Práctica Estival I', 17),
(836, '160', 'ICRCO100', 'Redes De Computadores I', 18),
(837, '27', 'EFE90900', 'Efe: Química Atmosférica', 8),
(838, '11', 'TUP11200', 'Física', 10),
(839, '26', 'TUP11300', 'Filosofía De La Prevención', 5),
(840, '112', 'TUP11500', 'Interpretación De Planos', 6),
(841, '38', 'TUP12100', 'Legislación I', 5),
(842, '49', 'HUMED100', 'Métodos Educativos', 5),
(843, '102', 'TUP12400', 'Matemática Ii', 9),
(844, '42', 'TUP12500', 'Manejo Del Trauma Y Ergonomía', 5),
(845, '27', 'TUP12600', 'Fundamentos De Higiene Y Seguridad Industrial', 5),
(846, '39', 'TUP21100', 'Legislación Ii', 5),
(847, '67', 'TUP21400', 'Riesgos Físicos', 5),
(848, '21', 'TUP22200', 'Equipos Críticos', 5),
(849, '57', 'TUP22300', 'Prevención De Incendios', 5),
(850, '66', 'TUP22400', 'Riesgos Eléctricos E Iluminación', 5),
(851, '43', 'TUP22500', 'Maquinarias Y Elementos De Protección Persona', 5),
(852, '3', 'TUP31500', 'Capacitación De La Prevención', 5),
(853, '30', 'ARQ10100', 'Geometría Descriptiva', 7),
(854, '1', 'ARQ10200', 'Composición Y Color', 7),
(855, '7', 'ARQ10300', 'Dibujo', 7),
(856, '44', 'ARQ10400', 'Taller I', 7),
(857, '43', 'ARQ10500', 'Sociología', 7),
(858, '32', 'ARQ10600', 'Medio Ambiente', 7),
(859, '36', 'ARQ20100', 'Plástica', 7),
(860, '49', 'ARQ20200', 'Teoría E Historia De La Arquitectura I', 7),
(861, '45', 'ARQ20300', 'Taller Ii', 7),
(862, '4', 'ARQ20400', 'Construcción I', 7),
(863, '33', 'ARQ20500', 'Ordenamiento Territorial Y Urbano I', 7),
(864, '2', 'ARQ30100', 'Computación', 7),
(865, '50', 'ARQ30200', 'Teoría E Historia De La Arquitectura Ii', 7),
(866, '46', 'ARQ30300', 'Taller Iii', 7),
(867, '5', 'ARQ30500', 'Construcción Ii', 7),
(868, '34', 'ARQ30600', 'Ordenamiento Territorial Y Urbano Ii', 7),
(869, '6', 'ARQ40100', 'Construcción Iii', 7),
(870, '278', 'HUMIN100', 'Metodología De La Investigación', 4),
(871, '51', 'ARQ40300', 'Teoría E Historia De La Arquitectura Iii', 7),
(872, '27', 'ARQ40500', 'Estructuras Ii', 7),
(873, '31', 'ARQ40700', 'Gestión Inmobiliaria', 7),
(874, '48', 'ARQ50200', 'Taller V', 7),
(875, '37', 'ARQ50400', 'Políticas Habitacionales', 7),
(876, '54', 'BYD14100', 'Historia De Los Registros Del Conocimiento', 15),
(877, '59', 'BYD14200', 'Métodos De Investigación Bibliográfica', 15),
(878, '11', 'CAR11000', 'Cartografía General', 2),
(879, '46', 'CAR15000', 'Geografía Física', 2),
(880, '48', 'CAR15100', 'Geografía Humana', 2),
(881, '18', 'CACSI100', 'Cartografía Sistemática I', 2),
(882, '73', 'CAR22000', 'Topografía', 2),
(883, '70', 'CAR23000', 'Técnicas Gráficas', 2),
(884, '45', 'CAR25000', 'Geografía De Chile', 2),
(885, '8', 'CAR31000', 'Cartografía Automatizada I', 2),
(886, '9', 'CAR31100', 'Cartografía Automatizada Ii', 2),
(887, '13', 'CAR32100', 'Cartografía Matemática I', 2),
(888, '15', 'CAR32200', 'Cartografía Matemática Ii', 2),
(889, '53', 'CAR33000', 'Métodos Y Técnicas En Cartografía Temática', 2),
(890, '20', 'CAR21000', 'Cartografía Sistemática Ii', 2),
(891, '37', 'CAR36000', 'Fotogrametría I', 2),
(892, '39', 'CAR36100', 'Fotogrametría Ii', 2),
(893, '64', 'CAR41000', 'Sensores Remotos', 2),
(894, '59', 'CAR42000', 'Planificación Cartográfica', 2),
(895, '22', 'CAR43000', 'Cartografía Temática Aplicada', 2),
(896, '123', 'DCV22000', 'Lenguaje De La Forma I', 1),
(897, '124', 'DCV32000', 'Lenguaje De La Forma Ii', 1),
(898, '26', 'DCV33000', 'Diseño En Comunicación Visual I', 1),
(899, '136', 'DEQ22000', 'Morfología Y Estructuras I', 1),
(900, '22', 'DEQ23000', 'Diseño De Equipamiento I', 1),
(901, '137', 'DEQ32000', 'Morfología Y Estructuras Ii', 1),
(902, '24', 'DEQ43000', 'Diseño De Equipamiento Iii', 1),
(903, '7', 'DIS11000', 'Composición', 1),
(904, '154', 'DIS13000', 'Proyectiva Espacial', 1),
(905, '135', 'TUP32200', 'Práctica Profesional', 6),
(906, '92', 'MAT24000', 'Matemática Ii', 9),
(907, '57', 'PSI10400', 'Percepción', 2),
(908, '112', 'HUEPR100', 'Ética Profesional', 14),
(909, '194', 'FIL10100', 'Historia De La Filosofía', 4),
(910, '197', 'FIL10200', 'Historia De Las Ciencias', 4),
(916, '258', 'HSG60800', 'La Sociedad Chilena, Una Mirada', 4),
(917, '192', 'EFE04700', 'Usabilidad En Diseño De Interfaz De Usuarios', 1),
(927, '29', 'HUM18300', 'Cine Chileno', 21),
(930, '140', 'HUM17800', 'Efg:literatura Hispanoamericana Contemporánea', 4),
(934, '121', 'HUM19600', 'Efg:historia De Los Partidos Políticos', 4),
(937, '202', 'HUM-207*', 'Historia Social Y Política En Chile', 4),
(938, '26', 'HUM-208*', 'Contaminación-pollution', 4),
(941, '60', 'EFE00500', 'Ecología Y Sociedad', 21),
(942, '19', 'ICASS100', 'Auditoría Y Seguridad De Sistemas', 18),
(943, '198', 'ICTSI100', 'Taller De Sistemas', 18),
(944, '115', 'ICISO100', 'Ingeniería De Software', 18),
(945, '121', 'INF44700', 'Investigación Operativa', 18),
(946, '167', 'ICSIM100', 'Simulación', 18),
(947, '129', 'ICMCN100', 'Métodos Cuantitativos I', 18),
(954, '130', 'ICMCN200', 'Métodos Cuantitativos Ii', 18),
(955, '177', 'ICSPC100', 'Sistemas De Planificación Y Control', 18),
(957, '92', 'ICEDE100', 'Evaluación De Desempeño', 18),
(958, '106', 'INF56800', 'Gestión Financiera', 18),
(959, '147', 'INF59100', 'Práctica Profesional', 18),
(968, '155', 'ICPIN100', 'Proyecto De Ingeniería', 18),
(970, '227', 'HUIIX100', 'Inglés Instrumental', 4),
(971, '210', 'HUINX100', 'Inglés', 4),
(972, '213', 'HUING100', 'Inglés I', 4),
(973, '252', 'QUI21810', 'Química Orgánica', 21),
(974, '220', 'HUING200', 'Inglés Ii', 4),
(975, '205', 'ING31300', 'Idioma Extranjero', 4),
(976, '225', 'HUING300', 'Inglés Iii', 4),
(978, '249', 'ING40500', 'Inglés V', 4),
(979, '232', 'HUING400', 'Inglés Iv', 4),
(980, '122', 'INV30100', 'Metodología De La Investigación', 12),
(981, '111', 'ITU11200', 'Introducción Al Turismo', 12),
(982, '97', 'ITU12200', 'Geografía Turística I', 13),
(983, '96', 'ITU21100', 'Geografía Turística Ii', 12),
(984, '29', 'ITU22100', 'Administración Turística', 12),
(985, '128', 'ITU31100', 'Marketing I', 13),
(986, '92', 'ITU42400', 'Evaluación De Recursos Turísticos', 13),
(988, '129', 'ITU42301', 'Planificación Turística', 12),
(989, '92', 'ITU41400', 'Evaluación Del Impacto Ambiental', 12),
(990, '130', 'ITU32200', 'Políticas De Turismo', 12),
(991, '114', 'ITU31200', 'Legislación En Turismo', 12),
(992, '268', 'LIT10100', 'Literatura Universal', 4),
(993, '262', 'LIT10200', 'Literatura Chilena', 4),
(994, '10', 'MTALG100', 'Álgebra', 9),
(995, '78', 'MAT11000', 'Matemática I', 9),
(996, '4', 'EFPD0320', 'Biónica', 1),
(997, '81', 'MAT14100', 'Matemática I', 9),
(998, '82', 'MAT14300', 'Matemática I', 9),
(999, '144', 'IEE54100', 'Gestión Estratégica', 21),
(1003, '273', 'IET34000', 'Planificación Vial', 17),
(1004, '35', 'HUM25000', 'Desarrollo Personal Y Desempeño Laboral', 4),
(1005, '78', 'QLA54000', 'Microbiología Ii', 11),
(1006, '42', 'BYD44000', 'Fuentes De Información En Ciencias Sociales, ', 15),
(1007, '59', 'BYD36100', 'Internet', 11),
(1008, '200', 'BYD36102', 'Microisis', 21),
(1009, '5', 'CAR44000', 'Astronomía De Posición', 2),
(1010, '31', 'EFE00004', 'Efe: Gestión Y Medio Ambiente', 2),
(1011, '2', 'EFE00200', 'Análisis Espacial En La Explotación Minera', 2),
(1012, '79', 'CAD57000', 'Efe: Auditoria Balance', 14),
(1013, '95', 'CAD56200', 'Efe: Impuesto Adicional', 14),
(1014, '189', 'CAD56500', 'Tributación Iv', 14),
(1015, '135', 'CAD46800', 'Instrumentos Financieros', 14),
(1016, '108', 'CAD24800', 'Efg:  Dinámica Grupal', 14),
(1018, '61', 'CCC60400', 'Efe:gestión Empresarial En La Construcción', 6),
(1021, '57', 'CCC57500', 'Efe: Ética', 6),
(1022, '59', 'CCC60700', 'Efe:gestión Adm.municipal Const.', 6),
(1023, '157', 'IEE54200', 'Redes De Área Local', 18),
(1024, '20', 'IEE54800', 'Base De Datos Relacionales', 18),
(1025, '99', 'INF48001', 'Gestion De Recurs.informaticos', 18),
(1026, '145', 'INF48900', 'Planificación Estratégica', 18),
(1028, '100', 'GOGRH100', 'Gestión De Recursos Humanos', 18),
(1030, '41', 'AAI51400', 'Control De Gestión', 21),
(1031, '32', 'AAI51000', 'Economía Financiera', 13),
(1032, '73', 'AAI50300', 'Efe:administración Iso 9000', 21),
(1033, '64', 'AAI48900', 'Efe:relaciones Humanas Para Ejec. Agroindustr', 4),
(1034, '72', 'AAI51200', 'Efe:administración De Packing', 21),
(1035, '270', 'AAI47400', 'Seguridad Industrial', 21),
(1036, '54', 'IEM34300', 'Procesos Mecánicos Ii', 20),
(1037, '46', 'PPIEM100', 'Práctica Estival', 20),
(1038, '1', 'IEE25100', 'Análisis De Circuitos', 19),
(1039, '48', 'PIE23300', 'Laboratorio De Conversión De Energía Electrom', 19),
(1040, '68', 'ELMPX100', 'Microprocesadores', 19),
(1041, '51', 'FIS11200', 'Laboratorio De Física', 19),
(1042, '50', 'PIE24300', 'Laboratorio De Electrónica Industrial', 19),
(1043, '56', 'PIE35300', 'Laboratorio De Sistemas De Telecomunicaciones', 19),
(1044, '80', 'EFG61300', 'Efg: Como Hablar En Público', 4),
(1057, '44', 'EFE61200', 'Economía Agraria', 4),
(1058, '9', 'EFG30900', 'Apreciación Del Arte Ii', 4),
(1060, '66', 'EFE61000', 'Efe: Sicología Y Luminotecnia', 4),
(1062, '200', 'HUM60000', 'Historia Del Pensamiento Contemporáneo', 4),
(1073, '284', 'HUM28300', 'Política De Negocio', 4),
(1085, '166', 'HUM28800', 'Efg: Turismo Receptivo', 4),
(1089, '139', 'HCG61000', 'Efg: Literatura E Ilegalismo', 4),
(1091, '53', 'PIE35100', 'Laboratorio De Microprocesadores', 19),
(1092, '19', 'PIE23200', 'Conversión De Energía Electrónica', 19),
(1093, '46', 'PIE12100', 'Laboratorio De Análisis De Circuitos', 19),
(1094, '47', 'PIE36100', 'Laboratorio De Control Automático', 19),
(1095, '15', 'ELCAX100', 'Control Automático', 19),
(1096, '52', 'PIE36300', 'Laboratorio De Microondas, Líneas, Transmisor', 19),
(1097, '346', 'GDTTO100', 'Taller Topográfico', 17),
(1098, '378', 'IEG47300', 'Topografía Vi', 17),
(1099, '291', 'IEG47400', 'Práctica Profesional', 17),
(1100, '169', 'IEG48100', 'Fotogrametría Ii', 17),
(1101, '250', 'IEG48200', 'Legislación Minera Y Territorial', 17),
(1102, '404', 'GDURB100', 'Urbanismo', 17),
(1103, '379', 'IEG48400', 'Topografía Vii', 17),
(1104, '345', 'IEG48500', 'Taller Profesional', 17),
(1105, '45', 'CFCTB300', 'Contabilidad Iii', 14),
(1107, '73', 'CFDLA100', 'Derecho Laboral', 14),
(1108, '140', 'ICO11100', 'Introducción Profesional', 14),
(1109, '370', 'TSG24100', 'Topografía Ii', 17),
(1110, '176', 'TSG24200', 'Geografía Física General', 17),
(1111, '90', 'TSG15100', 'Dibujo Topográfico', 17),
(1112, '10', 'PCV10400', 'Física', 10),
(1113, '42', 'MAT21100', 'Cálculo Ii', 9),
(1114, '165', 'TSG25500', 'Fotogrametría', 17),
(1115, '375', 'TSG34200', 'Topografía Iv', 17),
(1116, '83', 'GDDTE100', 'Dibujo Técnico I', 17),
(1117, '377', 'TSG35300', 'Topografía V', 17),
(1118, '373', 'TSG25400', 'Topografía Iii', 17),
(1119, '32', 'PRIEX100', 'Incendios Y Explosivos', 5),
(1120, '46', 'TUP31400', 'Medicina Del Trabajo', 5),
(1121, '50', 'PRMED100', 'Métodos Educativos', 5),
(1122, '35', 'TUP31200', 'Laboratorio De Higiene', 5),
(1123, '83', 'PRVIN100', 'Ventilación Industrial', 5),
(1124, '81', 'PRTTR100', 'Tránsito Y Transportismo', 5),
(1128, '314', 'TLEIC100', 'Tesis', 21),
(1129, '40', 'EIC20000', 'Economía Internacional', 13),
(1130, '129', 'EIC30100', 'Marketing Internacional', 13),
(1131, '1', 'EFG30700', 'Administración De Recursos Humanos', 4),
(1132, '275', 'EDA11200', 'Matemática Financiera I', 4),
(1133, '185', 'EDA11500', 'Evaluación De Proyectos', 4),
(1134, '31', 'EFG30800', 'Derecho Del Trabajo I', 4),
(1135, '20', 'EDA12100', 'Comportamiento Organizacional', 4),
(1136, '251', 'EDA11600', 'Introducción A La Economía', 4),
(1137, '41', 'HUDGR100', 'Dinámica De Grupo Y Relaciones Humanas', 4),
(1138, '193', 'TSG34300', 'Geomorfología', 17),
(1140, '80', 'ACI46200', 'E.f.e. Inversiàn Extranjera', 21),
(1143, '15', 'MATIC110', 'Álgebra E Introducción Al Cálculo', 9),
(1144, '280', 'TAP60100', 'Sistemas Administrativos', 21);
INSERT INTO `ramos` (`ID_ramo`, `ID_ramo_depto`, `Codigo_ramo`, `Nombre_ramo`, `departamentos_ID_depto`) VALUES
(1145, '191', 'TAP70200', 'Métodos De Investigación', 21),
(1146, '276', 'TAP60300', 'Seminario Técnicas De Administración De Recur', 21),
(1147, '152', 'TAP60400', 'Historia Contemporánea', 21),
(1152, '141', 'CIMIE100', 'Microeconomía I', 13),
(1153, '139', 'CFIDE000', 'Introducción Al Derecho', 14),
(1154, '121', 'CIMAE100', 'Macroeconomía I', 13),
(1155, '166', 'GOSIX100', 'Sistemas De Información Administrativa', 14),
(1156, '76', 'CAD28800', 'Derecho Tributario Y Comercial', 14),
(1157, '229', 'ING12300', 'Inglés Instrumental Ii', 4),
(1158, '80', 'BYD34500', 'Software De Almacenamiento Y Recuperación De ', 15),
(1159, '40', 'BYD44900', 'Formulación De Proyectos De Información', 15),
(1160, '25', 'EFE02400', 'Efe: Dirección De Proyectos De Ti', 15),
(1161, '51', 'EFE02300', 'Efe: El Mercado Editorial: Fuentes Y Proveedo', 4),
(1165, '13', 'ELCOX100', 'Computación', 19),
(1166, '66', 'IEA42200', 'Legislación Alimentaria', 11),
(1167, '48', 'BTGCC100', 'Gestión Y Control De Calidad', 11),
(1168, '42', 'IEA42400', 'Evaluación Sensorial De Alimentos', 11),
(1172, '178', 'HUM60200', 'Epistemología', 4),
(1173, '184', 'TSG25300', 'Geología', 17),
(1175, '104', 'DIFOT100', 'Fotografía I', 1),
(1176, '308', 'IIM44800', 'Proyecto De Título', 17),
(1177, '185', 'CAD47200', 'Tributación De Las Remuneraciones', 14),
(1180, '249', 'QUI1212', 'Quimica General E Inorganica', 21),
(1181, '251', 'QUI2112', 'Quimica Organica', 21),
(1184, '65', 'EFE05600', 'Efe: Nuevas Tecnologías Y Espacio Doméstico', 1),
(1185, '57', 'EFE62300', 'Efe: Base De Datos Relacionales', 18),
(1186, '63', 'EFE62400', 'Efe: Gestión De Recursos Humanos', 18),
(1189, '82', 'HCG61200', 'Efg:comunicación Emocional', 4),
(1190, '25', 'EFPD0430', 'Diseño De Fuentes Digitales', 1),
(1191, '61', 'EFE62500', 'Efe: Desarrollo Organizacional', 18),
(1192, '89', 'CCC45100', 'Estructuras Metálicas', 6),
(1193, '9', 'CCC34100', 'Análisis Estructural', 6),
(1194, '124', 'CCC34400', 'Mecánica De Suelos I', 6),
(1195, '105', 'CCC35100', 'Hormigón Armado I', 6),
(1196, '125', 'CCC35400', 'Mecánica De Suelos Ii', 6),
(1197, '27', 'CCC24300', 'Construcción General I', 6),
(1198, '28', 'CCC25300', 'Construcción General Ii', 6),
(1199, '51', 'MAT25500', 'Cálculo Iv', 9),
(1200, '23', 'FIS15600', 'Física Ii', 10),
(1201, '143', 'CCC24100', 'Resistencia De Materiales', 6),
(1202, '114', 'CCC14300', 'Introducción A La Construcción', 6),
(1203, '18', 'FIS14500', 'Física I', 10),
(1204, '73', 'SSS59000', 'Tesis', 3),
(1205, '7', 'COM13100', 'Computación Básica', 3),
(1206, '56', 'SSS24100', 'Realidad Social Y Cultura Latinoamericana', 3),
(1207, '308', 'SOC10100', 'Sociología General', 4),
(1208, '75', 'IEM22100', 'Prevención De Riesgos', 19),
(1209, '40', 'IEE34200', 'Electrónica Ii', 19),
(1210, '41', 'IEE35200', 'Electrónica Iii', 19),
(1211, '92', 'IEE44300', 'Sistemas Digitales Ii', 19),
(1212, '16', 'IEE44500', 'Control Automático I', 19),
(1213, '7', 'MCCAS100', 'Control Automático Y Servomecanismos', 20),
(1214, '40', 'COM25800', 'Computación Básica', 18),
(1215, '107', 'IET34400', 'Economía De Transporte Ii', 17),
(1216, '44', 'IET35200', 'Construcción Vial', 17),
(1217, '142', 'IET35400', 'Empresas De Transporte', 17),
(1218, '391', 'IET35700', 'Transporte Aéreo', 17),
(1219, '7', 'IET44100', 'Administración De Tránsito', 17),
(1220, '154', 'IET45200', 'Explotación Del Transporte', 17),
(1221, '57', 'FIOET100', 'Ondas Electromagnéticas Y Termodinámica', 10),
(1222, '272', 'INPLE100', 'Planificación Estratégica', 17),
(1223, '79', 'IEE24100', 'Programación I', 19),
(1224, '48', 'MTMGV300', 'Cálculo Iii', 9),
(1225, '90', 'TUP11100', 'Matemática I', 9),
(1226, '33', 'PRX50100', 'Ingeniería Del Ambiente', 5),
(1227, '31', 'PRX50200', 'Higiene Y Seguridad Industrial', 5),
(1228, '68', 'TUP21200', 'Riesgos Químicos', 5),
(1229, '70', 'TUP21300', 'Ruidos', 5),
(1230, '1', 'PRAPS100', 'Administración De Pérdidas', 5),
(1231, '48', 'QUMAC100', 'Medio Ambiente Y Contaminación', 5),
(1234, '11', 'QUI31110', 'Biología Celular Y Molecular', 11),
(1236, '20', 'IEA32200', 'Bioquímica De Alimentos', 11),
(1237, '23', 'BTBQG100', 'Bioquímica General', 11),
(1238, '24', 'QUI41120', 'Bioquímica Nutricional', 11),
(1240, '25', 'QUI42120', 'Biotecnología', 11),
(1241, '4', 'BTCAT100', 'Contaminación Atmosférica', 5),
(1243, '32', 'BTCOM100', 'Computación', 11),
(1245, '26', 'IGI51300', 'Calidad Total', 17),
(1246, '33', 'BTDAC100', 'Computación', 18),
(1247, '24', 'IPR52400', 'Evaluación Ambiental', 5),
(1248, '155', 'IIM34900', 'Explotación Forestal', 17),
(1251, '196', 'QUI51300', 'Gestión Ambiental En La Industria Química', 17),
(1253, '50', 'IEQM4210', 'Higiene Y Sanidad Industrial', 11),
(1261, '58', 'BTPRI100', 'Prevención De Riesgos', 5),
(1262, '90', 'ICI41510', 'Producción De Recursos Naturales Ii', 11),
(1264, '100', 'BTSEI100', 'Seguridad Industrial', 11),
(1274, '133', 'ICO51100', 'Política Y Estrategia De Empresas I', 12),
(1275, '134', 'ICO52200', 'Política Y Estrategia De Empresas Ii', 12),
(1276, '61', 'RMA22300', 'Programación De Proyectos', 5),
(1277, '61', 'GORLI100', 'Relaciones Industriales', 20),
(1278, '173', 'ICO41400', 'Taller I', 14),
(1279, '313', 'ICO42400', 'Taller Ii', 4),
(1280, '148', 'GOTIG100', 'Tecnología De La Información En Gestión', 12),
(1282, '63', 'IPR22300', 'Recursos Naturales', 5),
(1283, '49', 'ICCDA100', 'Comunicación De Datos I', 18),
(1284, '50', 'INF52211', 'Comunicación De Datos Ii', 18),
(1285, '104', 'INF52610', 'Gestión Financiera', 18),
(1286, '148', 'ICPIC100', 'Procesos De Información Y Computación', 18),
(1287, '154', 'COM24100', 'Programación Iii', 18),
(1288, '129', 'HUM20100', 'Efg: Introducción A La Ciencia Política', 4),
(1289, '71', 'HUM24700', 'Efg:administración Operativa De Personal', 4),
(1290, '88', 'HUM06800', 'Efg:creatividad Artística', 4),
(1291, '104', 'HUM04200', 'Efg:el Hombre Y La Técnica', 4),
(1292, '152', 'HUM23500', 'Efg:problemas Del Desarrollo En América Latin', 4),
(1293, '83', 'ACI46700', 'Efe: Sondeo De Mercado', 13),
(1294, '74', 'ACI46000', 'Efe: Laboratorio De Comercio Exterior', 13),
(1295, '177', 'IEG23300', 'Geografía Física I', 17),
(1296, '181', 'COM40100', 'Geoinformación Ii', 17),
(1297, '180', 'COM23100', 'Geoinformación I', 17),
(1298, '48', 'FIS25100', 'Laboratorio De Física Ii', 10),
(1299, '68', 'IEA21100', 'Materias Primas Vegetales', 11),
(1300, '199', 'INGIA100', 'Gestión De Impacto Ambiental', 17),
(1304, '267', 'INOIN100', 'Organización Industrial', 17),
(1305, '359', 'QUI41130', 'Termodinámica De Ingeniería', 17),
(1306, '27', 'MCCTO100', 'Calidad Total', 17),
(1307, '88', 'MCDTE100', 'Dibujo Tecnológico', 17),
(1308, '22', 'BOS13200', 'Hidráulica Aplicada', 20),
(1311, '82', 'IEM30100', 'Turbomáquinas', 20),
(1312, '79', 'MAT11100', 'Matemática I', 9),
(1313, '21', 'MTALB100', 'Álgebra Lineal', 9),
(1314, '18', 'MAT25300', 'Álgebra Lineal', 9),
(1315, '3', 'MAT11820', 'Álgebra', 9),
(1319, '58', 'MTCGV100', 'Ecuaciones Diferenciales', 9),
(1320, '46', 'MTCGV300', 'Cálculo Iii', 9),
(1321, '44', 'MTCIN200', 'Cálculo Ii', 9),
(1322, '52', 'MTCNU100', 'Cálculo Numérico', 9),
(1323, '49', 'MAT22810', 'Cálculo Iv', 9),
(1324, '37', 'MAT11810', 'Cálculo I', 9),
(1325, '54', 'MAT21820', 'Ecuaciones Diferenciales', 9),
(1326, '65', 'MTGPX100', 'Geometría Plana', 9),
(1327, '99', 'MTMCO200', 'Matemática Ii', 9),
(1328, '103', 'MAT24100', 'Matemática Iii', 9),
(1329, '93', 'MAT25100', 'Matemática Ii', 9),
(1330, '47', 'OTMUR100', 'Medio Ambiente Urbano', 5),
(1331, '52', 'OTOAM100', 'Ordenamiento Ambiental', 5),
(1333, '137', 'PRE01100', 'Práctica Estival I', 12),
(1334, '138', 'PRE01200', 'Práctica Estival Ii', 12),
(1335, '213', 'PRE01300', 'Práctica Estival Iii', 21),
(1336, '38', 'ARQ30700', 'Práctica Profesional I', 7),
(1337, '39', 'ARQ40800', 'Práctica Profesional Ii', 7),
(1338, '217', 'EAP60000', 'Práctica Profesional', 21),
(1339, '281', 'ICI42540', 'Práctica Estival I', 17),
(1341, '48', 'IEM35600', 'Práctica Profesional', 20),
(1345, '283', 'ICI52540', 'Práctica Estival Ii', 17),
(1347, '5', 'IPR41100', 'Desarrollo Sustentable', 5),
(1348, '22', 'PRERG100', 'Ergonomía', 5),
(1349, '23', 'IPR32500', 'Estructuras Y Superficies De Trabajo', 5),
(1350, '28', 'PRGVA100', 'Generador De Vapores', 5),
(1351, '30', 'PRHIN100', 'Higiene Industrial', 5),
(1353, '36', 'PRLAM100', 'Legislación Ambiental', 5),
(1355, '41', 'PRX40100', 'Luminotecnia E Instalaciones', 5),
(1356, '37', 'IPR31300', 'Legislación En Prevención', 5),
(1357, '53', 'IPR11100', 'Orientación Profesional', 5),
(1362, '72', 'IPR41200', 'Salud Ocupacional Y Sicología Laboral', 5),
(1363, '74', 'IPR32400', 'Sistemas Para Explosivos', 5),
(1364, '75', 'PRTMA100', 'Taller De Medio Ambiente', 5),
(1365, '76', 'PRTPR100', 'Taller De Prevención De Riesgos', 5),
(1368, '195', 'INF65900', 'Sistemas Operativos Avanzados', 18),
(1376, '158', 'INF48500', 'Redes De Área Local', 18),
(1377, '25', 'EFE60700', 'Comunicación Y Liderazgo', 4),
(1379, '91', 'EFE20500', 'Efe: Gestión En Operaciones Bancarias', 14),
(1391, '166', 'INF66500', 'Seminario De Memoria', 18),
(1394, '130', 'ECG61001', 'Fundamentos De La Economía', 21),
(1397, '36', 'MAT11101', 'Cálculo I', 9),
(1398, '368', 'TSG15300', 'Topografía I', 17),
(1399, '74', 'QUI31300', 'Química Analítica I', 8),
(1401, '76', 'QUI32200', 'Química Cuántica Y Espectroscopia', 8),
(1403, '77', 'QUI41400', 'Química De Suelos', 8),
(1405, '106', 'QUTIG100', 'Tecnología De Información En Gestión', 8),
(1406, '79', 'IPR32300', 'Toxicología', 5),
(1407, '113', 'QUI62110', 'Tratamiento Residuos Industriales', 8),
(1408, '319', 'PEC60200', 'Trabajo De Título', 21),
(1409, '159', 'STDEQ100', 'Seminario', 1),
(1410, '316', 'EAP60100', 'Trabajo De Titulación', 21),
(1411, '77', 'STIPR000', 'Taller De Título', 5),
(1412, '381', 'ICI62540', 'Trabajo De Titulación', 17),
(1413, '179', 'ICO52100', 'Tesis', 14),
(1414, '110', 'QUI52300', 'Tesis', 8),
(1415, '37', 'TSLLA100', 'Legislación Laboral', 3),
(1418, '24', 'INF63100', 'Bases De Datos', 18),
(1419, '204', 'INF60300', 'Tecnología De Equipos', 18),
(1420, '143', 'INF60400', 'Organización De Computadores', 18),
(1421, '13', 'INF60500', 'Arquitectura De Computadores', 18),
(1422, '192', 'INF64500', 'Sistemas Operativos', 18),
(1423, '173', 'INF63200', 'Sistemas De Información', 18),
(1424, '8', 'INF64800', 'Análisis De Algoritmos', 18),
(1425, '117', 'INF63500', 'Ingeniería De Software', 18),
(1426, '200', 'INF63900', 'Taller De Sistemas De Información', 18),
(1427, '96', 'INF67100', 'Gestión De Personal Informático', 18),
(1429, '18', 'INF65800', 'Auditoría De Sistemas', 18),
(1430, '141', 'DCV21000', 'Percepción', 1),
(1431, '76', 'BYD39900', 'Seminario', 15),
(1432, '12', 'BYD44300', 'Biblioteca Universitaria Y Especializada', 15),
(1433, '47', 'BYD14000', 'Fundamentos De La Bibliotecología', 15),
(1434, '40', 'EETDE100', 'Teoría De Decisiones', 16),
(1436, '128', 'ITU32500', 'Planificación Estratégica', 12),
(1437, '46', 'ITU32400', 'Ecoturismo', 13),
(1438, '155', 'CIPIE100', 'Política Internacional De Empresas', 13),
(1439, '66', 'CFDER200', 'Derecho Ii', 14),
(1440, '96', 'CIGEC200', 'Geografía Económica Ii', 13),
(1441, '186', 'HUEOE100', 'Expresión Oral Y Escrita', 4),
(1442, '91', 'MAT15200', 'Matemática Ii', 9),
(1443, '16', 'GOARR100', 'Administración De Recursos', 12),
(1444, '306', 'DTP36200', 'Proyecto De Matricería', 17),
(1445, '56', 'DTP23300', 'Dibujo Arquitectónico I', 17),
(1446, '147', 'DTP24100', 'Estructuras I', 17),
(1447, '362', 'DTP24400', 'Topografía', 17),
(1448, '81', 'DTP35100', 'Dibujo De Órganos De Máquinas', 17),
(1449, '86', 'DTP12100', 'Dibujo Técnico Ii', 17),
(1450, '41', 'DTP12500', 'Construcción I', 17),
(1451, '67', 'MAT15300', 'Geometría Plana Ii', 9),
(1452, '145', 'DTP11100', 'Estática', 17),
(1453, '161', 'HUPSO100', 'Psicología Social', 14),
(1454, '88', 'ARQ50300', 'Estructuras Iii', 6),
(1456, '47', 'ARQ40400', 'Taller Iv', 7),
(1457, '25', 'ARQ40600', 'Energía Y Habitabilidad', 7),
(1458, '41', 'ARQ50100', 'Seminario', 7),
(1459, '26', 'ARQ30400', 'Estructuras I', 7),
(1460, '14', 'QUI32300', 'Compuestos De Coordinación Y Catálisis Indust', 8),
(1462, '9', 'QUCTO100', 'Calidad Total', 8),
(1463, '31', 'QUI31500', 'Electroquímica', 8),
(1464, '39', 'QUI22300', 'Fisicoquímica I', 8),
(1466, '98', 'EFG60700', 'Efg: Democracia Y Globalización', 4),
(1472, '156', 'HUM18700', 'Efg:relaciones Familiares', 4),
(1475, '146', 'HUM20400', 'Efg: Nuestra América En Su Cultura', 4),
(1476, '30', 'HUM18900', 'Delincuencia Juvenil', 4),
(1478, '111', 'HSG60900', 'Efg:ética En La Gestión De Negocios', 4),
(1483, '25', 'CAD59300', 'Contabilidad De Los Recursos Naturales', 14),
(1487, '60', 'HUM22100', 'Seguridad Social', 3),
(1492, '171', 'CAD59800', 'Taller Contable', 14),
(1496, '62', 'EFE05700', 'Política De Información Y Cultura', 15),
(1498, '54', 'EFE04900', 'Efe: El Proyecto De Diseño: Nuevas Tec. Nueva', 1),
(1499, '14', 'EFE90400', 'Celdas Combustibles Y Productoras De Gas Para', 4),
(1500, '30', 'EFE07100', 'Efe: Organización De Hemerotecas', 15),
(1502, '28', 'EFE52300', 'Efe: Cartografia De Modelos Digitales (sig)', 2),
(1503, '33', 'EFE52200', 'Efe: Tecnicas Gps', 2),
(1504, '75', 'EFE07000', 'Efe: Manejo De Postcosecha', 13),
(1506, '86', 'EFE06900', 'Efe: Cuadro De Mando Integral', 14),
(1508, '169', 'DCV30700', 'Sistemas Sociales Globales', 1),
(1510, '70', 'CAD46100', 'Derecho Laboral', 14),
(1512, '59', 'EFE01600', 'Efe: Manejo De Proyectos De Automatización', 4),
(1519, '109', 'HUM28500', 'Efg:hotelería', 14),
(1523, '31', 'INF66800', 'Comercio Electrónico', 18),
(1529, '159', 'CAD47600', 'Procedimientos Tributarios', 14),
(1535, '37', 'EFE04800', 'Efe: Aproximaciones Al Prototipado Rápido', 1),
(1536, '179', 'ICI62530', 'Marketing', 21),
(1540, '21', 'INF48800', 'Base De Datos Relacionales', 18),
(1543, '94', 'MAT40900', 'Matemática Ii', 9),
(1545, '194', 'EFE61100', 'Sistemas Operativos Avanzados', 18),
(1547, '125', 'ICO03800', 'Modelo De Excelencia', 12),
(1552, '93', 'PEC60160', 'Formación Y Evaluación De Proyectos', 6),
(1559, '76', 'LTS20400', 'Trabajo Social Ii', 3),
(1560, '128', 'PEC60130', 'Políticas De Construcción De Infraestructuras', 6),
(1562, '129', 'PEC60140', 'Políticas Habitacionales', 6),
(1570, '27', 'CFCGC100', 'Contabilidad General Y De Costos', 14),
(1572, '49', 'CFCYC100', 'Contabilidad Y Costos', 14),
(1574, '141', 'ICI61511', 'Legislación General', 14),
(1575, '144', 'CFLLT100', 'Legislación Previsional Y Tributaria', 14),
(1576, '154', 'ICI61521', 'Política Empresarial', 13),
(1577, '15', 'TSG25100', 'Astronomía De Posición', 17),
(1578, '251', 'TSG35100', 'Legislación Minera Y Territorial', 17),
(1579, '218', 'TSG35500', 'Práctica Profesional', 21),
(1581, '69', 'PRRQR100', 'Riesgos Químicos Y Radiaciones', 5),
(1582, '34', 'PRX40300', 'Ingeniería De Pérdidas', 5),
(1583, '59', 'PRPAU100', 'Primeros Auxilios', 5),
(1584, '62', 'PREPP100', 'Protección Personal', 5),
(1585, '38', 'FIFEL00', 'Física Y Electricidad', 10),
(1586, '40', 'PRLLA100', 'Legislación Laboral', 5),
(1587, '65', 'PRREL100', 'Riesgos Eléctricos', 5),
(1588, '71', 'PRX40200', 'Ruidos Y Vibraciones', 5),
(1589, '44', 'PRMEQ100', 'Máquinas Y Equipos', 5),
(1590, '73', 'PPIEE100', 'Práctica Profesional', 19),
(1591, '298', 'EFB00010', 'Taller Tecnológico', 21),
(1593, '6', 'EFPD0420', 'Color Digital', 1),
(1596, '199', 'ECG61100', 'Historia De Las Doctrinas Económicas', 4),
(1599, '35', 'ARQ40900', 'Planificación', 7),
(1602, '115', 'EFE61800', 'Efe: Derecho Comercial Practico', 17),
(1603, '50', 'HUM24900', 'Efe: El Guión Soporte De La Acción', 4),
(1604, '209', 'INF64400', 'Teoría De Autómatas', 18),
(1606, '26', 'EFE64500', 'Efe: Modelado De Sistema De Comunicación Digi', 19),
(1607, '76', 'ACI46300', 'Efe: Marketing Internacional De Servicio', 13),
(1609, '5', 'GIA61400', 'Animación Cultural Y De La Lectura', 15),
(1610, '51', 'CCC63000', 'Efe:autocad Aplicado A La Construcción', 6),
(1612, '2', 'EFE00201', 'Ajustes Y Errores', 4),
(1613, '57', 'EFE21600', 'Efe: Economia Del Bienestar', 13),
(1614, '172', 'HUM21300', 'El Juego Del Lenguaje', 4),
(1618, '305', 'EFH00100', 'Sistemas De Radio Comunicación Digital', 4),
(1625, '122', 'HSG60300', 'Efg:historia Económica Social Y Política De C', 4),
(1626, '4', 'BYD36201', 'Animación Cultural Para El Bibliotecario', 4),
(1631, '9', 'EFE31400', 'Efe: Ética Ambiental', 5),
(1632, '31', 'EFE06800', 'Efe: Patrimonio Cultural Y Biblioteca', 15),
(1634, '148', 'INF47900', 'Hardware Y Software De Comunica', 21),
(1635, '9', 'AAI34500', 'Administración De La Producción Ii', 12),
(1636, '20', 'AAI34800', 'Desarrollo Tecnológico Y Procesos Unitarios I', 13),
(1637, '25', 'GOADM200', 'Administración Ii', 12),
(1638, '158', 'AAI14700', 'Producción Animal Ii', 13),
(1639, '18', 'GOARH100', 'Administración De Recursos Humanos', 12),
(1640, '1', 'AAI24300', 'Acuicultura Y Pesquería', 13),
(1641, '157', 'AAI14200', 'Producción Animal I', 13),
(1642, '228', 'ING10300', 'Inglés Instrumental I', 4),
(1643, '23', 'DEQ33000', 'Diseño De Equipamiento Ii', 1),
(1644, '18', 'DIS22000', 'Dibujo Iii', 1),
(1645, '143', 'DEQ29000', 'Práctica Curricular I', 1),
(1646, '19', 'DIS22500', 'Dibujo Iv', 1),
(1647, '21', 'DIS10000', 'Diseño Básico', 1),
(1648, '85', 'DIS15000', 'Elementos De Ecología Humana I', 1),
(1649, '131', 'DIS14500', 'Metodología De Investigación En Diseño', 1),
(1650, '27', 'DCV43000', 'Diseño En Comunicación Visual Ii', 1),
(1651, '5', 'DCV45000', 'Cine Animación', 1),
(1652, '127', 'DCV35000', 'Letrística', 1),
(1653, '106', 'DCV34500', 'Fotografía Iii', 1),
(1654, '29', 'DCV23000', 'Diseño Gráfico', 1),
(1655, '157', 'DCV25000', 'Publicidad', 1),
(1656, '40', 'QUI31200', 'Fisicoquímica Ii', 8),
(1657, '43', 'QUGCA100', 'Gestión De Calidad', 8),
(1658, '44', 'QUGCC100', 'Gestión Y Control De Calidad', 8),
(1660, '45', 'QUIQO100', 'Industrias Químicas Orgánicas E Inorgánicas', 8),
(1661, '51', 'QUI12110', 'Laboratorio De Química General', 8),
(1662, '53', 'QUI32500', 'Métodos Cromatográficos Y Electrométricos De ', 8),
(1663, '45', 'QUMCS100', 'Mecánica Y Contaminación De Suelos', 5),
(1664, '54', 'QUI41200', 'Métodos Modernos De Análisis', 8),
(1665, '61', 'QUI52200', 'Polimeros Y Materiales Plasticos', 8),
(1666, '66', 'QUI41300', 'Procesos Químicos', 8),
(1667, '64', 'IEQ41500', 'Prevención De Riesgos', 8),
(1668, '65', 'QUI42400', 'Prevención De Riesgos En Industrias Químicas', 8),
(1670, '4', 'MAT14500', 'Álgebra', 9),
(1671, '119', 'MAT14600', 'Trigonometría Plana Y Esférica', 9),
(1672, '83', 'MAT15100', 'Matemática I', 9),
(1673, '22', 'MTAPL100', 'Álgebra Lineal', 9),
(1674, '38', 'MAT15500', 'Cálculo I', 9),
(1675, '41', 'MAT15600', 'Cálculo Ii', 9),
(1676, '107', 'MTMAL300', 'Matemática Iii', 9),
(1677, '47', 'MTCMV300', 'Cálculo Iii', 9),
(1678, '17', 'MAT24500', 'Álgebra Lineal', 9),
(1679, '86', 'INF24600', 'Estructuras Discretas', 18),
(1680, '50', 'MAT24700', 'Cálculo Iv', 9),
(1681, '76', 'MTMFR100', 'Matemática Financiera', 9),
(1683, '104', 'MAT34100', 'Matemática Iii', 9),
(1684, '25', 'MAT34200', 'Introducción A La Estadística', 16),
(1685, '21', 'MAT35000', 'Estadística Y Probabilidad', 16),
(1687, '24', 'INIIN000', 'Introducción A La Ingeniería', 20),
(1688, '79', 'EFE51300', 'Efe: Introducción A Tecnologia Digitales En  ', 21),
(1689, '89', 'MTMGR100', 'Matemática I', 9),
(1690, '66', 'MTGPL100', 'Geometría Plana I', 9),
(1691, '84', 'INDTE100', 'Dibujo Técnico I', 17),
(1692, '295', 'PSI10100', 'Psicología General', 4),
(1693, '294', 'PSI10300', 'Psicología Evolutiva', 4),
(1694, '297', 'PSI20200', 'Psicología Organizacional', 4),
(1695, '118', 'MTTMA100', 'Tópicos Matemáticos', 9),
(1696, '39', 'FIFFA100', 'Fundamentos Física Aplicada', 10),
(1697, '12', 'PTE12100', 'Circuitos Eléctricos', 19),
(1698, '86', 'PTE14300', 'Señales Y Sistemas De Comunicaciones', 19),
(1703, '75', 'PTE10100', 'Matemática', 9),
(1704, '55', 'PTE10400', 'Dibujo', 17),
(1705, '11', 'PTE11100', 'Álgebra', 9),
(1706, '27', 'PTE11200', 'Cálculo', 9),
(1707, '21', 'PTE11300', 'Física I', 10),
(1708, '94', 'PTE12200', 'Tecnología De Materiales', 19),
(1709, '24', 'MAT24300', 'Análisis', 9),
(1710, '29', 'PTE12400', 'Física Ii', 10),
(1711, '19', 'IPR22100', 'Estadística Y Análisis De Datos', 16),
(1714, '270', 'EEPLE100', 'Planificación Estratégica', 17),
(1715, '36', 'MAT31821', 'Probabilidad Y Procesos Estocásticos', 16),
(1716, '34', 'PTE14200', 'Electrónica Aplicada', 19),
(1717, '33', 'ESTP2540', 'Probabilidades', 16),
(1718, '39', 'ICO32200', 'Técnicas De Proyección', 16),
(1719, '100', 'PTE15100', 'Transmisores Y Antenas', 19),
(1720, '83', 'PTE15200', 'Redes De Comunicación', 19),
(1721, '57', 'PTE15400', 'Laboratorio De Telefonía', 19),
(1722, '85', 'PTE15500', 'Seminario De Titulación', 19),
(1723, '207', 'EFE00102', 'Inglés', 4),
(1724, '320', 'HUCOE100', 'Técnicas De La Comunicación Oral Y Escrita', 4),
(1725, '68', 'QUQCA100', 'Química', 8),
(1726, '94', 'QUQOX100', 'Química Orgánica', 8),
(1727, '77', 'QLA44100', 'Microbiología I', 11),
(1728, '36', 'QLA54100', 'Fisicoquímica', 8),
(1729, '6', 'QLA54200', 'Análisis Orgánico', 8),
(1730, '72', 'EFE51200', 'Efe: Prospectiva Y Desarrollo De Productos', 1),
(1731, '16', 'QLA64200', 'Control De Calidad', 8),
(1732, '66', 'CCC61900', 'Efe:medio Ambiente Y Desastres Naturales', 6),
(1733, '1', 'QLA74100', 'Análisis De Aguas', 8),
(1734, '91', 'QUI21100', 'Química Inorgánica I', 8),
(1735, '92', 'QUI22100', 'Química Inorgánica Ii', 8),
(1736, '102', 'QUI31100', 'Química Orgánica Iii', 8),
(1738, '292', 'HCG61100', 'Psicoanálisis, Literatura Y Arquitectura', 4),
(1747, '9', 'ICI45900', 'Comercialización Internacional', 13),
(1748, '17', 'ICI52531', 'Desarrollo Económico', 13),
(1750, '26', 'ICO32300', 'Economía Chilena', 13),
(1751, '43', 'ICO41300', 'Economía Monetaria E Internacional', 13),
(1752, '42', 'EIC10001', 'Economía Monetaria', 13),
(1753, '105', 'CIGES100', 'Gestión Estratégica', 13),
(1754, '123', 'CIMAE200', 'Macroeconomía Ii', 13),
(1755, '125', 'ICI51520', 'Macroeconomía Iii', 13),
(1756, '143', 'CIMIE200', 'Microeconomía Ii', 13),
(1757, '145', 'ICI4251*', 'Microeconomía Iii', 13),
(1758, '119', 'ITU32100', 'Marketing Ii', 12),
(1760, '159', 'ICI32511', 'Producción De Recursos Naturales I', 13),
(1763, '8', 'IPR12100', 'Dibujo Clásico Y Computacional', 7),
(1764, '8', 'ELE62310', 'Automatización Y Control', 19),
(1765, '6', 'ELCAS100', 'Control Automático Y Servomecanismos', 20),
(1767, '22', 'ELE61310', 'Dispositivos Electromecánicos', 19),
(1770, '54', 'PTE15300', 'Laboratorio De Señales Y Sistemas De Comunica', 19),
(1771, '71', 'FIS35600', 'Ondas Electromagnéticas Y Termodinámica', 19),
(1772, '7', 'FIS21810', 'Electromagnetismo', 10),
(1774, '30', 'FIFIS300', 'Física Iii', 10),
(1775, '36', 'FIS31810', 'Física Moderna', 10),
(1776, '40', 'FIS11810', 'Introducción A La Física', 10),
(1777, '45', 'FIS19400', 'Laboratorio De Física I', 10),
(1778, '49', 'FIS31820', 'Laboratorio De Física Ii', 10),
(1779, '44', 'FILME100', 'Laboratorio De Física I', 10),
(1780, '42', 'FILMX100', 'Laboratorio De Física', 10),
(1781, '53', 'FIS12810', 'Mecánica', 10),
(1783, '51', 'IPR22400', 'Ondas Y Energía', 5),
(1784, '58', 'FIS22810', 'Óptica Y Ondas', 10),
(1785, '80', 'IPR22200', 'Transferencia De Calor', 5),
(1786, '68', 'GDDIN100', 'Dibujo De Ingeniería I', 17),
(1787, '297', 'GDPRI100', 'Prevención De Riesgos', 17),
(1788, '12', 'ICO31400', 'Administración De Personal I', 12),
(1789, '14', 'ICO32500', 'Administración De Personal Ii', 12),
(1790, '10', 'GOAPP100', 'Administración De Personal', 12),
(1791, '39', 'ICO31300', 'Comercialización I', 12),
(1792, '42', 'ICO32400', 'Comercialización Ii', 12),
(1793, '44', 'GOCOM100', 'Computación I', 12),
(1794, '45', 'GOCOM200', 'Computación Ii', 12),
(1795, '32', 'INF61631', 'Comportamiento Organizacional', 18),
(1796, '19', 'ICO42300', 'Cambio Y Tecnología', 14),
(1797, '53', 'ICO51300', 'Dirección De Empresas', 12),
(1798, '51', 'ADM00300', 'Desarrollo Organizacional', 12),
(1800, '95', 'QUI42130', 'Fenómenos De Transporte', 12),
(1801, '103', 'GOGAM100', 'Gestión Ambiental', 13),
(1802, '101', 'QUI51200', 'Gestión Empresarial', 12),
(1803, '198', 'IGI52100', 'Gestión De Impacto Ambiental', 17),
(1804, '100', 'GIG66700', 'Gestión De Unidades De Información Documental', 12),
(1818, '76', 'HUM26800', 'Efg:ciencia En América', 4),
(1819, '281', 'HUM27000', 'Pensamiento Y Lenguaje Como Apreciación De', 4),
(1820, '30', 'IEE54600', 'Comercio Electrónico', 18),
(1821, '54', 'BYD46000', 'Desarrollo De Colecciones, Fuentes Y Proveedo', 21),
(1822, '254', 'BYD46100', 'Req. Para Eval, Selec. Y Aprobar Soft. Para B', 21),
(1823, '6', 'BYD46200', 'Alfabetización Para Información', 21),
(1824, '147', 'HUM08001', 'Efg: Pensamiento Latinoamericano', 4),
(1825, '92', 'HUM26900', 'Efg:poesía Y Género', 21),
(1826, '15', 'DCV10300', 'Dibujo', 1),
(1827, '147', 'HUM27800', 'Globalización Y Cultura', 21),
(1828, '94', 'DCV10400', 'Expresión Básica Integral', 1),
(1829, '47', 'AAI47100', 'Efe: Biotecnología Agroindustrial', 13),
(1830, '147', 'ICO00500', 'Negocio Empresarial Y Mercosur', 13),
(1831, '113', 'ICO00600', 'Investigación De Mercado', 12),
(1832, '166', 'ICO00700', 'Relaciones Económicas Internacionales', 13),
(1833, '47', 'ICO00800', 'Conducta Del Consumidor', 12),
(1835, '52', 'ICO01000', 'Desredularización Y Privatización De Negocios', 12),
(1836, '102', 'ICO01100', 'Gestión Estratégica', 12),
(1837, '172', 'ICO01200', 'Taller Ambiental', 13),
(1838, '1', 'EFPD0350', 'Ambiente Universitario Y Ergonomía', 1),
(1839, '28', 'EFE63800', 'Efe: Protocolo De Telefonía', 19),
(1840, '117', 'EFA00010', 'Evaluación De Proyectos De Inversión Tecn. En', 21),
(1841, '56', 'AAI53000', 'Efe: Gestión Y Desarrollo De Pymes Agroindust', 4),
(1842, '154', 'HCG60100', 'Efg: Psicoanálisis Y Literatura', 4),
(1843, '132', 'AAI54100', 'Política Y Estrategia Administrativa', 12),
(1844, '253', 'HIG60200', 'Introducción Al Inglés Comunicativa', 4),
(1845, '242', 'CAD24900', 'Protocolo Organizacional', 21),
(1846, '191', 'HUM10101', 'Formación Integral', 4),
(1847, '86', 'HUM27400', 'Efg:conocimiento Y Desarrollo Personal', 4),
(1848, '128', 'AAI53100', 'Efg: Instrumentos  Económicos  De Gestión Amb', 4),
(1849, '108', 'ICI47300', 'Envases Para La Exportación', 21),
(1850, '43', 'ICI47400', 'Creación Y Diseño De Páginas Web', 21),
(1851, '174', 'ICI47500', 'Logística Del Transporte De Mercancías', 21),
(1852, '234', 'HUM28000', 'Inglés Para La Gestión Financiera', 4),
(1853, '158', 'HUM27700', 'Efg: Resolución De Conflictos Modelo Hardward', 4),
(1854, '160', 'HUM27600', 'Efg:sociedad Y Cultura Mapuche', 4),
(1855, '162', 'HCG60300', 'Efg:  Subversión Y Trasgresión', 4),
(1856, '123', 'AAI52500', 'Efe: Industria Bancaria', 17),
(1857, '110', 'AAI51800', 'Efe:administración Financiera Y Evaluación Ec', 17),
(1858, '67', 'EFE00400', 'Efe: Simulación', 4),
(1859, '325', 'EFC00010', 'Transmisores De Datos', 21),
(1869, '291', 'BYD36200', 'Sistemas Multimediales', 21),
(1871, '7', 'INF42410', 'Análisis De Algoritmos', 18),
(1872, '114', 'INF41620', 'Ingeniería De Sistemas', 18),
(1873, '172', 'IMF42610', 'Sistemas De Información', 18),
(1875, '47', 'INF51210', 'Comunicación De Datos', 18),
(1876, '44', 'INF51410', 'Computación Paralela', 18),
(1877, '116', 'INF51610', 'Ingeniería De Software', 18),
(1878, '137', 'INF51620', 'Optimización De Sistemas', 18),
(1879, '184', 'HUM51810', 'Ética Profesional', 4),
(1880, '184', 'INF52210', 'Sistemas Distribuidos', 18),
(1881, '199', 'INF52620', 'Taller De Sistemas De Información', 18),
(1882, '105', 'INF52630', 'Gestión Financiera', 18),
(1883, '94', 'INF52640', 'Formulación De Proyectos Informáticos', 18),
(1884, '168', 'INF52650', 'Simulación De Sistemas', 18),
(1885, '111', 'INF61610', 'Informática Industrial', 18),
(1886, '17', 'INF61620', 'Auditoría De Sistemas', 18),
(1887, '101', 'INF61630', 'Gestión De Recursos Humanos', 18),
(1888, '55', 'INF61640', 'Dirección De Proyectos Informáticos', 18),
(1889, '52', 'INF61650', 'Desempeño De Sistemas', 18),
(1890, '109', 'INF62610', 'Gestión Informática', 18),
(1891, '188', 'IMF62620', 'Sistemas Integrados De Información', 18),
(1894, '201', 'IMF62630', 'Taller De Titulación', 18),
(1933, '175', 'HUM22700', 'El Rol Femenino En La Cultura', 4),
(1939, '91', 'HUM22600', 'Efg: Cuento Hispanoamericano', 4),
(1942, '89', 'ICO03700', 'Estrategias Comunicacionales', 12),
(1949, '27', 'EFE07600', 'Efe: Etica Bibliotecaria', 15),
(1953, '321', 'HUM11100', 'Técnicas De La Comunicación Oral Y Escrita', 4),
(1956, '51', 'EFE52400', 'Efe: Diseño Digital', 1),
(1957, '10', 'ARQ70800', 'Efe: Computación Autocad', 7),
(1959, '355', 'INF63800', 'Tecnologías De Información', 17),
(1960, '29', 'EFE07500', 'Efe: Gestión De Bibliotecas Publicas', 15),
(1962, '38', 'HSG60400', 'Desviación Y Delincuencia En Jóvenes Y Adulto', 4),
(1963, '120', 'HUM24000', 'Efg:haciendo Radio', 4),
(1964, '43', 'CAR45000', 'Geodesia', 2),
(1965, '272', 'EFE02000', 'Luminotecnia', 4),
(1968, '62', 'CCC60500', 'Efe:gestión Técnica En La Construcción', 6),
(1969, '6', 'HUM05000', 'Comportamiento Grupal', 3),
(1970, '277', 'HUM05600', 'Medio Ambiente Y Sus Desafíos Éticos', 4),
(1971, '280', 'HUM05700', 'Oralidad Y Gestión Empresarial', 4),
(1973, '90', 'HUM05900', 'Efg:crítica Cultural Y Crónicas De Fin De Sig', 4),
(1974, '108', 'HUM06100', 'Efg:el Romanticismo Lit. Y Su Popu', 4),
(1976, '19', 'HUM-100*', 'Cine Y Cultura Latinoamericana', 4),
(1978, '151', 'CAD56100', 'O. I. M.', 14),
(1979, '129', 'CAD-599*', 'Franquicias Trib. Exportac.', 21),
(1984, '39', 'HUM03800', 'Dimensión Ética De La Cotidianidad', 4),
(1985, '266', 'HUM03900', 'Literaturas Emergentes', 4),
(1986, '177', 'HUM24400', 'El Testimonio Y El Cine', 4),
(1988, '75', 'CCC62300', 'Efe:técnicas De Dinámica Grupal Para El Ingen', 6),
(1989, '279', 'EDA12200', 'Métodos Y Técnicas De Investigación Social Pa', 4),
(1990, '126', 'EFPD0310', 'Lenguaje De Los Materiales', 1),
(1991, '222', 'ICI41511', 'Ingeniería Económica', 17),
(1992, '250', 'HUM24300', 'Introducción A La Comunicación Organizacional', 4),
(1995, '132', 'EFE61700', 'Efe: Taller De Habilidades Gerenciales', 17),
(2000, '32', 'EFE07400', 'Efe: Problemas Juridicos De  La Información', 15),
(2001, '10', 'EFPD0440', 'Conceptualización Digital Del Objeto', 1),
(2007, '243', 'ICI51530', 'Investigación De Operaciones I', 17),
(2009, '77', 'AAI48100', 'Efe:industria Avícola', 21),
(2011, '135', 'EFE00600', 'Efe: Viticultura Y Enología', 17),
(2012, '23', 'EFE07300', 'Efe: Biblioteca Escolar Y Centro De Recursos ', 15),
(2013, '33', 'EFE07200', 'Efe: Recurso Electronico Y Video Grabaciones', 15),
(2014, '6', 'EFE00300', 'Aplicaciones De Sistemas De Información Geogr', 4),
(2015, '90', 'EFE01900', 'Efp:vitivinícola', 13),
(2016, '65', 'INF66700', 'Efe: Grafica Y Relación Virtual', 18),
(2020, '126', 'EFE61400', 'Efe: Liderazgo, Poder Y Comunicación', 17),
(2029, '293', 'PRE06000', 'Practica Profesional  I', 17),
(2032, '54', 'CFC61100', 'Costos Ii', 14),
(2038, '46', 'EFE40002', 'Efe: Computación Aplicada A La Prevención De ', 4),
(2041, '50', 'CCC61100', 'Efe: Aplicaciones De Normas Y Calidad De Obra', 6),
(2042, '55', 'CCC61200', 'Efe: Desarrollo Sustentable En La Construcció', 6),
(2043, '60', 'CCC61300', 'Efe:gestión De Servicios Públicos', 6),
(2044, '64', 'CCC61400', 'Efe:inglés Técnico', 6),
(2045, '329', 'HUM24800', 'Universidad Y Ecología', 4),
(2046, '73', 'HUM23300', 'Efg:arte Y Cultura Contemporánea', 4),
(2047, '193', 'HUM24100', 'Haciendo Periodismo', 4),
(2050, '254', 'HUM16001', 'Juventud Y Mundo Laboral', 4),
(2051, '179', 'HUM07000', 'Epistemología Para Ingenieros', 4),
(2052, '309', 'HUM23900', 'Supervisión Modelo Integral', 4),
(2053, '60', 'QUI61110', 'Operaciones Unitarias Iii', 8),
(2054, '219', 'QLA64400', 'Práctica Profesional Estival', 21),
(2055, '110', 'ITU11100', 'Introducción A La Ingeniería', 12),
(2056, '20', 'ADM11100', 'Administración General I', 12),
(2057, '21', 'ADM12100', 'Administración General Ii', 12),
(2058, '34', 'ITU12100', 'Computación', 17),
(2059, '147', 'ITU12300', 'Sociología Turística', 12),
(2060, '8', 'EST21100', 'Estadística', 16),
(2061, '1', 'ITU21200', 'Actividades Recreativas De Turismo', 12),
(2063, '107', 'ITU22200', 'Ingeniería Económica I', 13),
(2064, '7', 'ITU22300', 'Climatología', 13),
(2065, '109', 'ITU31300', 'Ingeniería Económica Ii', 12),
(2090, '54', 'HUM20500', 'Psicología Ii', 3),
(2091, '66', 'LTS20600', 'Taller De Desarrollo Personal E Interpersonal', 3),
(2092, '64', 'LTS20700', 'Taller De Acercamiento A La Realidad Social I', 3),
(2093, '31', 'LTS30100', 'Investigación Social I', 3),
(2094, '48', 'LTS30200', 'Planificación Y Políticas Sociales', 3),
(2095, '36', 'LTS30300', 'Legislación Laboral', 3),
(2096, '45', 'LTS30400', 'Metodología Del Trabajo Social I', 3),
(2097, '46', 'LTS30500', 'Métodos Del Trabajo Social Con Grupos Humanos', 3),
(2098, '298', 'HUM30600', 'Psicología Social', 4),
(2099, '59', 'LTS30700', 'Salud Mental Y Psiquiátrica', 3),
(2100, '32', 'LTS40100', 'Investigación Social Ii', 3),
(2101, '11', 'LTS40200', 'Diseño Y Gestión De Proyectos Sociales', 3),
(2102, '44', 'LTS40300', 'Metodología Del Trabajo Social Con Familias I', 3),
(2103, '43', 'LTS40400', 'Metodología De Desarrollo Comunitario Y Local', 3),
(2104, '35', 'LTS40500', 'Legislación Familiar', 3),
(2105, '50', 'LTS40600', 'Práctica Intermedia I: Intervención Con Famil', 3),
(2106, '18', 'LTS50100', 'Estadística Para La Investigación Social', 16),
(2107, '25', 'LTS50200', 'Evaluación Social Y Económica De Proyectos', 3),
(2108, '3', 'LTS50300', 'Administración De Recursos Humanos', 3),
(2109, '68', 'LTS50400', 'Taller Financiero Contable', 3),
(2129, '258', 'FIS22110', 'Mecánica Racional', 17),
(2148, '94', 'EFE4', 'Electivo De Formación', 21),
(2153, '2', 'ITU32300', 'Análisis De Decisiones', 16),
(2154, '333', 'ITU41200', 'Sistemas De Transporte', 17),
(2155, '183', 'HUM51100', 'Ética Profesional', 4),
(2156, '141', 'ITU51100', 'Práctica Profesional I', 12),
(2157, '144', 'ITU51300', 'Proyecto De Tesis', 12),
(2158, '142', 'ITU52100', 'Práctica Profesional Ii', 12),
(2159, '180', 'ITU52200', 'Tesis', 14),
(2160, '98', 'ITU42100', 'Gestión De Proyectos Turísticos I', 12),
(2161, '93', 'HUM25800', 'Efg:resolución De Conflictos', 21),
(2162, '302', 'HUM25500', 'Relaciones Del Trabajo', 4),
(2163, '143', 'HUM25700', 'Efg: Manejo De Fuentes Información', 4),
(2164, '58', 'CCC61600', 'Efe:evaluación Impacto Ambiental', 6),
(2165, '56', 'CCC61800', 'Efe:elaboración De Informes De Título', 6),
(2166, '11', 'CCC61700', 'Certificación De Materiales', 6),
(2167, '74', 'CCC62000', 'Efe:sistemas De Información Geográfica Usos O', 6),
(2168, '101', 'HUM26000', 'Efg:dinámica De Grupos', 4),
(2169, '12', 'IEE54500', 'Auditoría Y Seguridad De Sistemas', 4),
(2170, '145', 'IEE54400', 'Gestión Tecnológica De Información', 21),
(2171, '110', 'HUM08300', 'Efg:ética Empresarial', 4),
(2172, '176', 'HUM26200', 'El Rrhh En La Empresa Y Su Entorno', 4),
(2173, '285', 'HUM26100', 'Política Internacional Contemporánea', 4),
(2174, '273', 'HUM08000', 'Manejo Fuente Información Científica', 4),
(2175, '201', 'HUM22400', 'Historia Social Y Política', 4),
(2176, '103', 'HUM07900', 'Efg:el Grupo Social: Su Dinámica Y Conflictos', 4),
(2177, '36', 'HUM15000', 'Desarrollo Y Modernización', 4),
(2178, '10', 'HUM26301', 'Arte Y Cultura En Hispanoamericana', 4),
(2179, '145', 'HUM08100', 'Efg:modelos De Desarrollo', 4),
(2180, '40', 'SOC30300', 'Dinámica De Grupos Y Relaciones Humanas', 4),
(2181, '34', 'HUM08200', 'Desarrollo De La Tecnología', 4),
(2182, '28', 'HUM08500', 'Cuento Chileno Contemporáneo', 4),
(2184, '78', 'ACI46900', 'Efe: Ingeniería Financiera', 21),
(2185, '55', 'AAI53300', 'Efe:gestión De Negocios Agroindustrial', 4),
(2186, '99', 'ITU51200', 'Gestión De Proyectos Turísticos Ii', 12),
(2203, '271', 'HUM13800', 'Los Partidos Políticos En Chile', 4),
(2204, '255', 'HUM13900', 'La Etnografía: Un Modo De Acceder A La Divers', 4),
(2205, '82', 'AAI52900', 'Efe:salmonicultura Y Merc. Export.', 13),
(2212, '30', 'ITU41500', 'Análisis De Mercado Turístico', 12),
(2213, '76', 'AAI53400', 'Efe:gestión Y Evaluación De Productos Frutíco', 21),
(2214, '22', 'HUM28100', 'Comunicación En El Trabajo', 4),
(2215, '21', 'EFE10000', 'Computación', 4),
(2216, '3', 'EFE20000', 'Alcohol Y Drogas En El Ambiente Laboral', 4),
(2217, '65', 'EFE30000', 'Efe: Riesgos En La Construcción', 4),
(2220, '89', 'AAI53500', 'Efe:técnicas De Negociación', 21),
(2221, '326', 'ICI47000', 'Tópicos De Economía', 4),
(2222, '67', 'ICI46900', 'E.f.e:ingeniería Económica', 13),
(2237, '80', 'MAT14000', 'Matemática I', 9),
(2238, '247', 'CFLEG100', 'Legislación', 17),
(2239, '3', 'GOAEM100', 'Administración De Empresas', 17),
(2240, '67', 'MCDIX100', 'Dibujo De Ingeniería', 17),
(2241, '89', 'BTPIC100', 'Procesos De Información Y Computación', 11),
(2242, '141', 'IIM44200', 'Elaboración Y Máquinas De Madera', 17),
(2243, '347', 'IIM44600', 'Técnicas Del Mueble', 17),
(2244, '13', 'IIM34500', 'Aserrado De La Madera', 17),
(2245, '19', 'IIM34800', 'Automatización', 17),
(2246, '26', 'FIS25000', 'Física Ii', 10),
(2247, '60', 'ELRLI100', 'Relaciones Industriales', 20),
(2248, '76', 'IEM34000', 'Termodinámica I', 20),
(2249, '91', 'IEG12100', 'Dibujo Topográfico I', 17),
(2250, '101', 'CCC55200', 'Habitabilidad', 6),
(2251, '149', 'CCC59600', 'Taller De Construcción I', 6),
(2252, '146', 'CCC54100', 'Sismicidad', 6),
(2253, '142', 'CCC54400', 'Puentes Y Túneles', 6),
(2254, '10', 'CCC44400', 'Carreteras', 6),
(2260, '126', 'EFE00050', 'Formación Ambiental', 21),
(2285, '213', 'INF69900', 'Trabajo De Titulación Ii', 18),
(2293, '406', 'TYT60500', 'Urbanismo Y Planificación Vial', 17),
(2294, '271', 'IND62600', 'Planificación Estratégica', 17),
(2298, '97', 'IND61900', 'Diseño De Plantas Industriales', 17),
(2300, '327', 'CCR45200', 'Tránsito Y Accidentología Vial Iii', 4),
(2306, '41', 'MEC61100', 'Mecánica General I', 20),
(2308, '26', 'MEC67100', 'Introducción Al Dibujo De Máquinas', 20),
(2309, '388', 'IND79900', 'Trabajo De Titulación Ii', 17),
(2310, '205', 'IND62100', 'Gestión De Recursos Humanos', 17),
(2311, '387', 'IND69900', 'Trabajo De Titulación Ii', 17),
(2312, '12', 'IND70000', 'Análisis Financiero Ii', 17),
(2315, '35', 'ADM68600', 'Ciencias Políticas', 12),
(2316, '180', 'CAD25000', 'Estructurando Mi Vida Profesional', 4),
(2317, '173', 'HUM03100', 'El Problema De La Locura En La Literatura Con', 4),
(2318, '73', 'TYT60200', 'Dibujo De La Especialidad', 17),
(2319, '50', 'FIS61100', 'Laboratorio De Física Mecánica', 10),
(2321, '105', 'ADM62500', 'Gestión Moderna De Negocios I', 12),
(2322, '72', 'MEC67200', 'Tecnología Mecánica', 20),
(2323, '69', 'CFD61100', 'Derecho Internacional', 14),
(2324, '396', 'TYT62100', 'Transporte Terrestre', 17),
(2325, '118', 'CFF61300', 'Finanzas I', 14),
(2326, '143', 'ADM62900', 'Protocolo De Negocios', 12),
(2327, '223', 'IND61200', 'Ingeniería Económica', 17),
(2328, '74', 'MEC66200', 'Termodinámica', 20),
(2329, '56', 'ADM62801', 'E - Business', 12),
(2330, '41', 'ECE61600', 'Economía Monetaria', 13),
(2331, '6', 'ADM60900', 'Administración De La Producción', 12),
(2332, '39', 'ECE61500', 'Economía Internacional', 13),
(2333, '328', 'HUM28600', 'Transporte Aéreo', 4),
(2334, '122', 'CFF61400', 'Finanzas Ii', 14),
(2335, '3', 'MEC61400', 'Ciencia De Los Materiales', 20),
(2336, '65', 'MEC61200', 'Resistencia De Materiales I', 20),
(2337, '53', 'MEC67400', 'Procesos Mecánicos I', 20),
(2338, '77', 'MEC64100', 'Termodinámica I', 20),
(2339, '55', 'MEC67500', 'Procesos Mecánicos Ii', 20),
(2340, '79', 'MEC64200', 'Termodinámica Ii', 20),
(2341, '37', 'MEC64300', 'Mecánica De Fluidos', 20),
(2342, '134', 'HUM23600', 'Efg: La Parte Maldita', 4),
(2344, '61', 'ELE61500', 'Máquinas Eléctricas', 19),
(2345, '162', 'TEC22400', 'Redes De Computadores Ii', 18),
(2377, '276', 'EFE90300', 'Mecánica De Fluidos', 4),
(2378, '69', 'LTS10100', 'Teoría Social I', 3),
(2379, '203', 'LTS10200', 'Modernidad, Estado Y Sociedad', 21),
(2380, '66', 'LTS10300', 'Economía Y Sociedad', 21),
(2388, '11', 'ADM60301', 'Administración De Personal I', 12),
(2389, '87', 'AAI53600', 'Efe: Taller De Dirección Estratégica De Empre', 21),
(2391, '124', 'HSG60100', 'Efg:historia Política Y Económica De Chile', 4),
(2392, '97', 'IEEI5470', 'Gestión De Proyectos Informáticos', 18),
(2417, '16', 'EFE32300', 'Efe: Primeros Auxilios', 5),
(2418, '205', 'EFEP3000', 'Normativa De Calidad Y Medio Ambiente', 21),
(2419, '146', 'EFI00010', 'Gestión Total De Los Recursos De Información', 21),
(2425, '322', 'LTS10400', 'Trabajo Social I', 21),
(2426, '296', 'HUM10500', 'Psicología I', 4),
(2427, '5', 'HUM10600', 'Antropología Cultural Chilena Y Latinoamerica', 3),
(2428, '293', 'LTS10700', 'Taller De Acercamiento A La Realidad Social I', 21),
(2429, '26', 'LTS20100', 'Filosofía Y Epistemología Para El Trabajo Soc', 3),
(2430, '70', 'LTS20200', 'Teoría Social Ii', 3),
(2431, '2', 'ADM20300', 'Administración', 3),
(2432, '32', 'MAD66200', 'Comportamiento De La Madera Iii', 17),
(2433, '48', 'MAD67300', 'Costos Industriales Madereros', 17),
(2434, '163', 'TEC32300', 'Redes De Computadores Iii', 18),
(2435, '161', 'ICRCX100', 'Redes De Computadores I', 18),
(2436, '182', 'TEC22200', 'Sistemas Digitales I', 18),
(2437, '183', 'TEC32100', 'Sistemas Digitales Ii', 18),
(2438, '179', 'TEC22800', 'Sistemas De Redes I', 18),
(2439, '180', 'TEC32700', 'Sistemas De Redes Ii', 18),
(2440, '196', 'TEC22600', 'Software I', 18),
(2441, '197', 'TEC32500', 'Software Ii', 18),
(2442, '186', 'INF52410', 'Sistemas Integrados', 18),
(2443, '178', 'PEC60150', 'Sistemas De Programación', 18),
(2444, '207', 'ICTAU100', 'Teoría De Autómatas', 18),
(2445, '15', 'ADM01000', 'Administración De Recursos', 12),
(2446, '38', 'INCOM100', 'Computación I', 17),
(2447, '39', 'INCOM200', 'Computación Ii', 17),
(2448, '69', 'INDIN100', 'Dibujo De Ingeniería I', 17),
(2449, '71', 'DIB10200', 'Dibujo De Ingeniería Ii', 17),
(2450, '87', 'DIB12810', 'Dibujo Tecnológico', 17),
(2451, '164', 'INFEP100', 'Formulación Y Evaluación De Proyectos', 17),
(2452, '208', 'INGES100', 'Gestión I', 17),
(2453, '209', 'INGES200', 'Gestión Ii', 17),
(2454, '49', 'LTS50500', 'Práctica Intermedia Ii: Interv. En Grupos Con', 3),
(2455, '62', 'LTS50600', 'Sistemas De Previsión Social', 3),
(2456, '16', 'LTS60100', 'Electivo De Profundización En Trabajo Social ', 3),
(2457, '21', 'LTS60200', 'Electivo Temático Ecológico De Profund. En Tr', 3),
(2458, '63', 'LTS60300', 'Sistematización En Trabajo Social', 3),
(2459, '23', 'LTS60400', 'Ética En Trabajo Social', 3),
(2460, '65', 'LTS60500', 'Taller De Comunicación Para La Acción Social', 3),
(2461, '1', 'LTS60600', 'Actores Y Movimientos Sociales', 3),
(2462, '51', 'LTS70100', 'Práctica Profesional', 3),
(2463, '97', 'LTS70200', 'Electivo De Profund. En Trabajo Social Y Recu', 21),
(2464, '15', 'LTS70400', 'Electivo De Formación General I', 3),
(2465, '52', 'LTS80100', 'Práctica Profesional', 3),
(2466, '19', 'LTS80200', 'Electivo Temático De Profundización En Trabaj', 3),
(2467, '20', 'LTS80300', 'Electivo Temático De Profundización En Trabaj', 3),
(2468, '67', 'LTS80500', 'Taller De Trabajo De Titulación', 3),
(2469, '171', 'LTS80400', 'Electivo De Formación General Ii', 4),
(2470, '71', 'LTS10010', 'Tesis', 3),
(2471, '72', 'LTS90100', 'Tesis', 3),
(2473, '44', 'MEC22110', 'Mecánica Racional', 20),
(2474, '55', 'FIS31110', 'Mecánica De Fluidos', 10),
(2475, '286', 'ICI31110', 'Sistemas Económicos', 21),
(2476, '35', 'ICI31120', 'Computación Industrial I', 21),
(2477, '358', 'FIS32130', 'Termodinámica De Ingeniería', 17),
(2478, '103', 'ELE32510', 'Electrotecnia', 21),
(2479, '42', 'ICI32120', 'Computación Industrial Ii', 18),
(2480, '20', 'ELE41510', 'Automatización Y Control', 21),
(2481, '115', 'ICI41520', 'Macroeconomía', 12),
(2482, '158', 'ICI42110', 'Finanzas I', 17),
(2483, '159', 'ICI51210', 'Finanzas Ii', 17),
(2484, '356', 'ICI51550', 'Teoría De Sistemas Ii', 17),
(2485, '202', 'ICI51521', 'Modelos Macro Econométricos Ii', 21),
(2486, '330', 'ICI51510', 'Sistemas De Gestión I', 17),
(2487, '295', 'ICI51540', 'Taller De Licenciatura', 21),
(2488, '49', 'EFE61004', 'Efe: Electivo De Formación Especializada', 4),
(2489, '162', 'ICI52830', 'Formulación Y Evaluación De Proyectos', 17),
(2490, '331', 'ICI52510', 'Sistemas De Gestión Ii', 17),
(2491, '96', 'ICI61510', 'Diseño De Plantas Industriales', 17),
(2492, '321', 'ICI61530', 'Simulación Estratégica', 17),
(2493, '276', 'ICI61520', 'Política Económica', 17),
(2494, '141', 'ICI61541', 'Gestión De Impacto Ambiental', 21),
(2495, '344', 'ICI62810', 'Taller De Titulación', 17),
(2496, '37', 'MAT32820', 'Probabilidad Y Procesos Estocásticos', 16),
(2497, '335', 'IND32010', 'Sistemas Económicos', 17),
(2499, '23', 'INF41610', 'Bases De Datos', 18),
(2500, '12', 'INF42210', 'Arquitectura De Computadores', 18),
(2501, '32', 'EIC10100', 'Métodos Cuantitativos I', 16),
(2532, '102', 'DIN14000', 'Física Aplicada Al Diseño', 1),
(2533, '238', 'ING31301', 'Inglés Técnico', 4),
(2534, '110', 'DIN15000', 'Historia Del Arte Y Del Diseño', 1),
(2535, '181', 'DIN14500', 'Tecnología De Los Materiales I', 1),
(2536, '32', 'DIN20000', 'Diseño Industrial Ii', 1),
(2537, '125', 'DIN21000', 'Lenguaje De La Forma Y De Los Materiales', 1),
(2538, '100', 'DIN22000', 'Expresión Ii', 1),
(2539, '128', 'DIN23000', 'Matrices Y Modelos Cad-cam', 1),
(2540, '183', 'DIN24000', 'Tecnologías De Los Materiales Ii', 1),
(2541, '135', 'DIN25000', 'Modelos Operativos', 1),
(2542, '115', 'DIN26000', 'Historia Del Diseño Industrial', 1),
(2543, '184', 'DIN24500', 'Tecnologías De Los Materiales Iii', 1),
(2544, '2', 'DIN27500', 'Apreciación Estética', 1),
(2545, '34', 'DIN30000', 'Diseño Industrial Iii', 1),
(2546, '185', 'DIN34000', 'Tecnologías De Producción', 1),
(2547, '90', 'DIN35000', 'Ergonomía Ii', 1),
(2548, '186', 'DIN36000', 'Teoría Del Diseño', 1),
(2549, '151', 'DIN35500', 'Producción Y Entorno', 1),
(2550, '165', 'DIN36500', 'Semiología Del Objeto', 1),
(2551, '307', 'DIN37500', 'Sociología', 4),
(2552, '35', 'DIN40000', 'Diseño Industrial Iv', 1),
(2555, '179', 'DIN43000', 'Técnicas De Mercado', 1),
(2556, '134', 'DIN48000', 'Métodos De Investigación En Diseño Industrial', 1),
(2558, '94', 'DIN47500', 'Evaluación Y Gestión De Proyectos', 12),
(2559, '160', 'DIN48500', 'Seminario De Diseño I', 1),
(2560, '191', 'DIN50000', 'Trabajo De Titulación', 1),
(2561, '161', 'DIN58000', 'Seminario De Diseño Ii', 1),
(2562, '148', 'DIN55000', 'Práctica Profesional', 1),
(2563, '61', 'BTA61100', 'Introducción A La Ingeniería De Alimentos', 11),
(2564, '7', 'MAT67300', 'Álgebra', 9),
(2565, '95', 'QCA61500', 'Química Orgánica I', 8),
(2566, '70', 'QCA61600', 'Química Analítica', 8),
(2567, '7', 'BTA63400', 'Biología Ambiental', 11),
(2568, '99', 'QCA62500', 'Química Orgánica Ii', 8),
(2569, '35', 'QCA63500', 'Fisicoquímica', 8),
(2570, '9', 'BTA64300', 'Biología Celular Y Molecular', 11),
(2571, '75', 'BTA64400', 'Microbiología General', 11),
(2572, '22', 'BTA64500', 'Bioquímica General', 11),
(2573, '108', 'QCA64500', 'Termodinámica De Ingeniería', 8),
(2574, '115', 'HUM07600', 'Efg: Fuerza Aérea, Ffaa Y Sociedad En Chile', 4),
(2575, '49', 'BTA65300', 'Higiene Y Sanidad Industrial', 11),
(2576, '196', 'BTA65400', 'Microbiología De Alimentos', 21),
(2577, '18', 'BTA65500', 'Bioquímica De Alimentos', 11),
(2578, '83', 'BTA66100', 'Operaciones Unitarias En La Industria Aliment', 11),
(2579, '102', 'ECG61000', 'Economía', 17),
(2580, '34', 'BTA66300', 'Control De Calidad', 11),
(2581, '3', 'BTA66400', 'Análisis De Alimentos', 11),
(2582, '6', 'BTA66500', 'Balance De Materia Y Energía', 11),
(2583, '206', 'BTA67100', 'Operaciones Unitarias En La Industria Aliment', 21),
(2584, '5', 'BTA67300', 'Aseguramiento De Calidad', 11),
(2585, '118', 'BTA67400', 'Evaluación Sensorial De Alimentos', 21),
(2586, '192', 'BTA67500', 'Métodos Modernos De Análisis De Alimentos', 21),
(2587, '53', 'BTA68100', 'Ingeniería De Procesos Industriales Alimentar', 11),
(2588, '268', 'ADM61000', 'Planeación Y Control De La Producción', 17),
(2589, '69', 'BTA68300', 'Metodología De La Investigación', 11),
(2590, '52', 'BTA68400', 'Ingeniería De Fermentaciones', 11),
(2591, '33', 'BTA68500', 'Contaminación Y Tratamiento De Residuos', 11),
(2592, '85', 'BTA68600', 'Práctica Profesional', 11),
(2593, '175', 'ELMAE100', 'Maquinas Eléctricas', 21),
(2594, '110', 'ELEQE100', 'Equipos Eléctricos', 21),
(2595, '168', 'ELLAE100', 'Laboratorio De Electrónica', 21),
(2596, '167', 'ELLAC100', 'Laboratorio De Análisis De Circuitos', 21),
(2597, '287', 'ELSEP100', 'Sistemas Eléctricos De Potencia', 21),
(2598, '42', 'ELCSI100', 'Control De Sistemas', 21),
(2599, '285', 'ELSDI100', 'Sistemas Digitales', 21),
(2600, '170', 'ELLEL100', 'Laboratorio Eléctrico I', 21),
(2601, '282', 'ELSID100', 'Sistemas De Distribución', 21),
(2602, '60', 'GOLAD100', 'Legislación Y Administración', 19),
(2603, '45', 'ELIPR100', 'Introducción Al Proyecto', 19),
(2604, '58', 'ELLEL200', 'Laboratorio Eléctrico Ii', 19),
(2605, '275', 'STTUE100', 'Seminario De Título', 21),
(2606, '81', 'ELPRE100', 'Proyecto Eléctrico', 19),
(2607, '70', 'CCC61401', 'Efe:administración De Emergencias', 21),
(2611, '242', 'HUM20101', 'Inglés Técnico I', 4),
(2612, '245', 'HUM20700', 'Inglés Técnico Ii', 4),
(2615, '6', 'ICO04000', 'Efg:análisis De Decisiones', 16),
(2622, '16', 'HSE50600', 'Ciencia De La Conducta', 4),
(2623, '34', 'MEC64400', 'Máquinas Térmicas', 20),
(2624, '39', 'MEC62100', 'Mecánica General', 20),
(2625, '338', 'IND60600', 'Sistemas Microeconómicos', 17),
(2626, '265', 'HUM23400', 'Literatura, Política Y Erotismo', 4),
(2627, '14', 'MEC61600', 'Diseños Mecánicos', 20),
(2629, '57', 'MEC67600', 'Procesos Mecánicos Iii', 20),
(2632, '81', 'MEC69900', 'Trabajo De Titulación Ii', 20),
(2633, '5', 'IND61100', 'Administración De La Producción', 17),
(2634, '7', 'ELE62000', 'Automatización Y Control', 19),
(2635, '245', 'IND61400', 'Investigación De Operaciones Ii', 17),
(2636, '150', 'INF62700', 'Programación', 18),
(2637, '88', 'INF64000', 'Estructuras Discretas', 18),
(2638, '302', 'MAD60400', 'Procesos Industriales Iv', 17),
(2639, '53', 'AAI54400', 'Efe:estrategias Comunicacionales', 4),
(2642, '277', 'IND70600', 'Política Económica', 17),
(2643, '11', 'HUM24500', 'Arte Y Cultura Latinoamericana', 4),
(2644, '322', 'IND70500', 'Simulación Estratégica', 17),
(2646, '38', 'ESE61001', 'Técnicas De Proyección', 16),
(2647, '93', 'CFF63800', 'Finanzas I', 13);
INSERT INTO `ramos` (`ID_ramo`, `ID_ramo_depto`, `Codigo_ramo`, `Nombre_ramo`, `departamentos_ID_depto`) VALUES
(2648, '48', 'CFC64300', 'Contabilidad Para La Toma De Decisiones', 14),
(2649, '215', 'ING11700', 'Inglés I', 4),
(2650, '124', 'CFF63900', 'Finanzas Ii', 14),
(2651, '44', 'ECE61700', 'Economía Monetaria Y Fiscal', 13),
(2652, '221', 'ING12700', 'Inglés Ii', 4),
(2653, '129', 'CFF64000', 'Finanzas Internacionales', 14),
(2654, '30', 'ECR61100', 'Economía De Los Recursos Naturales', 13),
(2655, '181', 'ECT61400', 'Tecnología De Los Alimentos Ii', 13),
(2656, '180', 'ECT61300', 'Tecnología De Los Alimentos I', 13),
(2657, '226', 'ING21700', 'Inglés Iii', 4),
(2658, '106', 'ECI61400', 'Gestión Y Operatoria De Comercio Exterior', 13),
(2659, '131', 'CFF64100', 'Formulación Y Evaluación De Proyectos', 14),
(2660, '143', 'CFD62000', 'Legislación Laboral Y Agroindustriales', 14),
(2661, '233', 'ING22700', 'Inglés Iv', 4),
(2662, '146', 'CFT61500', 'Marco Tributario Para Empresas Agroindustrial', 14),
(2663, '23', 'MEC60800', 'Ingeniería De Pérdidas', 20),
(2664, '59', 'ELE60400', 'Legislación Laboral', 19),
(2665, '84', 'ELE63200', 'Resistencia De Los Materiales Eléctricos', 19),
(2666, '78', 'ELE65100', 'Programación De Sistemas', 19),
(2667, '6', 'ELE67200', 'Análisis De Señales', 19),
(2668, '4', 'ELE64100', 'Análisis De Redes I', 19),
(2669, '9', 'ELE64200', 'Ciencia De Los Materiales Eléctricos', 19),
(2670, '5', 'ELE65200', 'Análisis De Redes Ii', 19),
(2671, '37', 'ELE65300', 'Electrónica I', 19),
(2672, '36', 'ELE66100', 'Electrónica Digital', 19),
(2673, '20', 'ELE66200', 'Conversión De La Energía Electromagnética', 19),
(2674, '39', 'ELE66300', 'Electrónica Ii', 19),
(2675, '65', 'ELE67100', 'Microondas Y Líneas', 19),
(2676, '95', 'ELE68200', 'Teoría De Control', 19),
(2677, '67', 'ELE67300', 'Microprocesadores', 19),
(2678, '76', 'ELE68400', 'Procesamiento Digital De Señales', 19),
(2679, '35', 'ELE69100', 'Electrónica De Potencia', 19),
(2680, '87', 'ELE69200', 'Sistemas De Control', 19),
(2681, '40', 'DIB40600', 'Construcción I', 17),
(2682, '74', 'DIB40900', 'Dibujo De Máquinas I', 17),
(2683, '59', 'DIB41000', 'Dibujo De Arquitectura I', 17),
(2684, '35', 'DIB41900', 'Computación Aplicada Al Dibujo', 17),
(2685, '313', 'DIB40800', 'Resistencia De Materiales', 17),
(2686, '42', 'DIB41500', 'Construcción Ii', 17),
(2687, '76', 'DIB41400', 'Dibujo De Máquinas Ii', 17),
(2688, '60', 'DIB41700', 'Dibujo De Arquitectura Ii', 17),
(2689, '363', 'GEO41600', 'Topografía', 17),
(2690, '146', 'DIB41300', 'Estructuras I', 17),
(2691, '229', 'DIB42800', 'Instalaciones Eléctricas Y De Gas', 17),
(2692, '231', 'DIB41200', 'Instalaciones Sanitarias', 17),
(2693, '80', 'DIB41800', 'Dibujo De Órganos De Máquinas', 17),
(2694, '78', 'DIB42200', 'Dibujo De Matricería', 17),
(2695, '61', 'DIB42100', 'Dibujo De Arquitectura Iii', 17),
(2696, '148', 'DIB42000', 'Estructuras Ii', 17),
(2697, '342', 'DIB42400', 'Taller De Maquetería', 17),
(2698, '44', 'DIB42300', 'Cubicación Y Presupuesto', 21),
(2699, '305', 'DIB42500', 'Proyecto De Matricería', 17),
(2700, '289', 'DIB42600', 'Práctica Profesional', 17),
(2701, '380', 'DIB42700', 'Trabajo De Titulación', 17),
(2702, '63', 'EFE70000', 'Efe:normativa De Calidad Y Medio Ambiente', 4),
(2703, '235', 'IND60000', 'Introducción A La Ingeniería', 17),
(2704, '35', 'FIS61001', 'Física Mecánica', 10),
(2705, '8', 'FIS62001', 'Electromagnetismo', 10),
(2706, '41', 'FIS62100', 'Laboratorio De Electromagnetismo', 10),
(2707, '89', 'GEO60100', 'Dibujo Topográfico', 17),
(2708, '68', 'MAT67000', 'Geometría Y Trigonometría', 9),
(2709, '59', 'FIS63001', 'Óptica Y Ondas', 10),
(2710, '52', 'FIS63100', 'Laboratorio De Óptica Y Ondas', 10),
(2711, '367', 'GEO60200', 'Topografía I', 17),
(2712, '37', 'FIS64000', 'Física Moderna', 10),
(2713, '51', 'FIS64100', 'Laboratorio De Física Moderna', 10),
(2714, '174', 'GEO60300', 'Geofísica', 17),
(2715, '175', 'GEO60400', 'Geografía Física', 17),
(2716, '185', 'GEO60500', 'Geomática I', 17),
(2717, '369', 'GEO60600', 'Topografía Ii', 17),
(2718, '328', 'IND60400', 'Sistemas De Administración', 17),
(2719, '215', 'IND60500', 'Ingeniería De Sistemas', 17),
(2720, '182', 'GEO60700', 'Geología', 17),
(2721, '186', 'GEO60800', 'Geomática Ii', 17),
(2722, '371', 'GEO60900', 'Topografía Iii', 17),
(2723, '336', 'IND60801', 'Sistemas Económicos', 17),
(2724, '191', 'GEO61000', 'Geomorfología', 17),
(2725, '28', 'GEO61100', 'Cartografía Aplicada', 17),
(2726, '365', 'GEO61200', 'Topografía De Obras I', 17),
(2727, '21', 'GEO61300', 'Hidráulica', 20),
(2728, '14', 'GEO61400', 'Astronomía', 17),
(2729, '171', 'GEO61500', 'Geodesia I', 17),
(2730, '366', 'GEO61600', 'Topografía De Obras Ii', 17),
(2731, '166', 'GEO61700', 'Fotogrametría I', 17),
(2732, '257', 'GEO61800', 'Mecánica De Suelos Aplicada', 17),
(2733, '173', 'GEO61900', 'Geodesia Ii', 17),
(2734, '382', 'GEO69800', 'Trabajo De Titulación I', 17),
(2735, '207', 'IND64600', 'Gestión Financiera', 17),
(2736, '168', 'GEO62200', 'Fotogrametría Ii', 17),
(2737, '179', 'GEO62300', 'Geoinformación Aplicada', 17),
(2738, '361', 'GEO62400', 'Tópicos Avanzados', 17),
(2752, '63', 'DOC50000', 'Práctica Profesional', 15),
(2753, '13', 'EFPD0330', 'Creación, Manejo Y Soporte Digital', 1),
(2754, '22', 'IND70700', 'Biología Agroindustrial', 17),
(2755, '157', 'IND70800', 'Fenómenos De Transporte', 17),
(2756, '23', 'IND70900', 'Bioquímica Agroindustrial', 17),
(2757, '264', 'IND71000', 'Operaciones Unitarias', 17),
(2758, '261', 'IND71100', 'Microbiología Agroindustrial', 17),
(2759, '24', 'IND71200', 'Biotecnología Agroindustrial', 17),
(2760, '349', 'IND71300', 'Técnicas Y Procesos De Conservación', 17),
(2762, '76', 'EFE00010', 'Efe: Taller De Multimedias', 1),
(2763, '166', 'HUM16000', 'Juventud Y Mundo Laboral', 21),
(2764, '128', 'ICI56100', 'Formas De Pago Internacional', 21),
(2765, '59', 'EIC10400', 'Ecologia Y Medio Ambiente', 21),
(2766, '172', 'DCV10000', 'Taller De Comunicación Visual', 1),
(2767, '153', 'DCV10100', 'Proyectiva Espacial', 1),
(2768, '107', 'DCV10200', 'Grafimática', 1),
(2769, '14', 'DCV105', 'Desarrollo Humano Y Comunicacion', 1),
(2770, '109', 'DCV10600', 'Historia Del Arte', 1),
(2771, '189', 'DCV10700', 'Tipografía', 1),
(2772, '89', 'ELE68300', 'Sistemas De Telecomunicaciones', 19),
(2780, '28', 'ARQ50700', 'Fotografía Para Arquitectos', 7),
(2781, '3', 'ARQ50600', 'Computación', 7),
(2801, '53', 'CCC62700', 'Efe:construcciones Subterráneas', 6),
(2802, '72', 'EFE30800', 'Efe: Sist. De Inf. Automático Aplicado A Obra', 6),
(2816, '65', 'EFE03700', 'Efe: Gestión De Calidad', 12),
(2817, '135', 'ICO02100', 'Mercado Futuro', 13),
(2818, '102', 'EFE20400', 'Efe: Política Y Gestión Bancaria Avanzada', 14),
(2819, '146', 'ICO02300', 'Negociación Empresarial', 13),
(2820, '31', 'EFE03400', 'Economía De Políticas Sociales', 13),
(2826, '33', 'QUI63600', 'Fenómenos De Transporte', 8),
(2827, '5', 'QUI63700', 'Análisis Instrumental', 8),
(2828, '79', 'BTA66600', 'Microbiología Industrial', 11),
(2829, '181', 'HFE62400', 'Ética Profesional', 4),
(2830, '62', 'MEC62400', 'Resistencia De Los Materiales', 20),
(2831, '2', 'ADM62000', 'Administración', 12),
(2832, '41', 'QUI64100', 'Flujo De Fluidos', 8),
(2833, '104', 'QUI64200', 'Reactores', 8),
(2834, '46', 'QUI64300', 'Ingeniería Ambiental I', 8),
(2835, '170', 'HSG60000', 'Electivo De Formación Cultural', 4),
(2836, '214', 'IND61000', 'Ingeniería De Costos', 17),
(2837, '104', 'IND60800', 'Economía', 17),
(2838, '112', 'QUI64400', 'Transferencia De Calor', 8),
(2839, '105', 'QUI64500', 'Reactores Ii', 8),
(2840, '47', 'QUI64600', 'Ingeniería Ambiental Ii', 8),
(2841, '63', 'QUI64700', 'Práctica Profesional', 8),
(2843, '151', 'IND61300', 'Evaluación De Proyectos', 17),
(2844, '323', 'QUI65200', 'Transferencia De Masa', 21),
(2845, '17', 'QUI65300', 'Dinámica Y Control De Procesos', 8),
(2846, '210', 'IND61800', 'Gestión Medio Ambiental', 17),
(2847, '318', 'QUI65400', 'Trabajo De Titulación I', 21),
(2848, '48', 'QUI65500', 'Ingeniería De Proyectos', 8),
(2849, '242', 'IND60900', 'Investigación De Operaciones', 17),
(2850, '144', 'DIB40200', 'Estática', 17),
(2851, '55', 'QUI65600', 'Modelación Y Simulación', 8),
(2852, '111', 'QUI65700', 'Trabajo De Titulación Ii', 8),
(2853, '82', 'DIB40100', 'Dibujo Técnico I', 17),
(2854, '190', 'MAT41100', 'Geometría Plana Ii', 17),
(2855, '212', 'DIB40300', 'Historia Del Arte', 17),
(2856, '255', 'MAT40800', 'Matemática I', 17),
(2857, '352', 'DIB40700', 'Tecnología De Los Materiales', 17),
(2858, '85', 'DIB40400', 'Dibujo Técnico Ii', 17),
(2859, '95', 'DIB41100', 'Diseño Asistido Por Computador', 17),
(2860, '70', 'MEC40100', 'Taller De Metrología, Máquinas Y Herramientas', 20),
(2861, '187', 'DIB40501', 'Geometría Descriptiva', 17),
(2862, '189', 'MAT41000', 'Geometría Plana I', 17),
(2863, '54', 'BTA69100', 'Ingeniería De Procesos Industriales Alimentar', 11),
(2864, '225', 'CFC69400', 'Ingeniería Económica Y De Costos', 17),
(2865, '155', 'BTA693', 'Ingenieria De Sistemas', 21),
(2867, '106', 'BTA69400', 'Tecnologías De Envases Y Embalajes', 11),
(2868, '35', 'BTA69500', 'Diseño Y Desarrollo De Productos Y Procesos A', 11),
(2869, '55', 'BTA60100', 'Ingeniería De Procesos Industriales Alimentar', 11),
(2870, '160', 'CFF69800', 'Formulación Y Evaluación De Proyectos', 17),
(2871, '65', 'BTA60300', 'Investigación De Operaciones', 11),
(2872, '230', 'BTA60400', 'Instalaciones Industriales Alimentarias', 17),
(2873, '109', 'BTA60500', 'Trabajo De Titulación', 11),
(2874, '95', 'ICI61540', 'Electivo De Formación Especializada', 21),
(2875, '56', 'FIS20000', 'Mecánica, Óptica Y Ondas', 10),
(2876, '326', 'ICI62531', 'Sistema De Simulación Económica', 17),
(2878, '325', 'EFE00011', 'Sistema De Manejo Integrado De Rrnn', 17),
(2879, '62', 'EIC20400', 'Economía  Ambiental', 21),
(2881, '233', 'MAD63100', 'Introducción A La Industria De La Madera', 17),
(2882, '30', 'MAD64100', 'Comportamiento De La Madera I', 17),
(2883, '400', 'MAD65100', 'Tratamiento De La Madera I', 17),
(2884, '31', 'MAD65200', 'Comportamiento De La Madera Ii', 17),
(2885, '247', 'HIE60900', 'Inglés Técnico Iii', 4),
(2886, '401', 'MAD66100', 'Tratamientos De La Madera Ii', 17),
(2887, '214', 'INF79900', 'Trabajo De Titulación Ii', 18),
(2889, '402', 'MAD67100', 'Tratamientos De La Madera Iii', 17),
(2890, '300', 'MAD67200', 'Procesos Industriales I', 17),
(2891, '202', 'MAD68400', 'Gestión De La Producción En Madera', 17),
(2892, '22', 'ECO00100', 'Economía', 13),
(2893, '103', 'IGI51000', 'Economía', 17),
(2894, '348', 'MAD68100', 'Técnicas En Madera I', 17),
(2895, '403', 'MAD68200', 'Tratamientos De La Madera Iv', 17),
(2896, '301', 'MAD68300', 'Procesos Industriales Ii', 17),
(2897, '96', 'MAD6UV00', 'Electivo De Formación Especializada', 21),
(2898, '304', 'MAD69200', 'Técnicas En Madera Ii', 21),
(2899, '231', 'MAD69400', 'Procesos Industriales Iii', 21),
(2900, '317', 'MAD69800', 'Trabajo De Titulación I', 21),
(2901, '200', 'MAD60100', 'Gestión De La Calidad En Maderas', 17),
(2902, '389', 'MAD69900', 'Trabajo De Titulación Ii', 17),
(2903, '43', 'MEC61300', 'Mecánica General Ii', 20),
(2904, '12', 'MEC67300', 'Dibujo De Máquinas Asistido Por Computador', 20),
(2905, '67', 'MEC61500', 'Resistencia De Materiales Ii', 20),
(2906, '32', 'MEC64500', 'Máquinas Hidráulicas', 20),
(2907, '8', 'MEC60500', 'Control Automático Y Servomecanismos', 20),
(2908, '55', 'IPR41600', 'Práctica Estival Ii', 5),
(2909, '386', 'GEO69900', 'Trabajo De Titulación Ii', 17),
(2910, '71', 'ICI46200', 'E.f.e: Inversión Extranjera', 13),
(2911, '10', 'ICI47600', 'Comercio Electrónico', 13),
(2912, '84', 'ICI47700', 'Efe:política Económica', 21),
(2913, '103', 'DEQ20000', 'Fotografía I', 1),
(2915, '238', 'IND63300', 'Introducción A La Ingeniería Industrial', 17),
(2916, '206', 'IND63800', 'Tecnologías De Información', 18),
(2917, '364', 'GEO60801', 'Topografía', 17),
(2918, '8', 'TYT60400', 'Algoritmos Y Programación De Transporte', 17),
(2919, '217', 'TYT60600', 'Ingeniería De Tránsito', 17),
(2920, '318', 'TYT61100', 'Seguridad Y Accidentes De Tránsito', 17),
(2921, '224', 'TYT61300', 'Ingeniería Económica De Transporte', 17),
(2922, '204', 'TYT61700', 'Gestión De Operaciones De Transporte', 17),
(2923, '398', 'TYT61900', 'Transporte Urbano', 17),
(2924, '385', 'TYT69800', 'Trabajo De Titulación I', 17),
(2925, '143', 'TYT62400', 'Estaciones De Transferencia Y Terminales', 17),
(2926, '37', 'CFC62200', 'Contabilidad Ii', 14),
(2927, '43', 'CFC62300', 'Contabilidad Iii', 14),
(2928, '149', 'ADM61101', 'Teoría Del Cambio Organizacional', 12),
(2929, '37', 'ADM60401', 'Comercialización I', 12),
(2930, '13', 'ADM69100', 'Administración De Personal Ii', 12),
(2931, '30', 'ESO61000', 'Métodos Cuantitativos', 16),
(2932, '102', 'ECR61200', 'Gestión Ambiental', 13),
(2933, '154', 'CFF61800', 'Preparación Y Evaluación De Proyectos', 14),
(2934, '147', 'CFF61700', 'Mercado De Capitales', 14),
(2935, '182', 'ICO51400', 'Trabajo De Titulación I', 14),
(2937, '184', 'ICO52400', 'Trabajo De Titulación Ii', 14),
(2938, '106', 'ADM62600', 'Gestión Moderna De Negocios Ii', 12),
(2939, '140', 'ICO52500', 'Práctica Profesional', 12),
(2940, '10', 'IND61700', 'Análisis Financiero', 17),
(2941, '216', 'IND70100', 'Ingeniería De Sistemas Ii', 17),
(2942, '254', 'IND70400', 'Marketing', 17),
(2943, '384', 'IND79800', 'Trabajo De Titulación I', 17),
(2945, '220', 'TYT60300', 'Ingeniería De Transporte', 17),
(2946, '108', 'TYT60800', 'Educación Sociológica De Tránsito', 17),
(2947, '298', 'MAD60200', 'Procesos Automatizados', 17),
(2948, '40', 'ADM60500', 'Comercialización Ii', 12),
(2952, '96', 'ELE69800', 'Trabajo De Titulación I', 19),
(2953, '93', 'ELE60300', 'Taller De Proyecto', 19),
(2954, '82', 'ELE60100', 'Redes De Comunicación', 19),
(2955, '98', 'ELE69300', 'Transmisores Y Antenas', 19),
(2956, '97', 'ELE69900', 'Trabajo De Titulación Ii', 19),
(2957, '50', 'ICI47800', 'Efe: Comunicación, Lenguaje Y Desarrollo', 13),
(2958, '134', 'ICI48000', 'Fundamentos Económicos Valor', 21),
(2959, '11', 'CFA60100', 'Auditoría De Estados Financieros', 14),
(2960, '17', 'CFA60300', 'Auditoría Interna', 14),
(2961, '13', 'CFA60400', 'Auditoría De Medios Tecnológicos', 14),
(2962, '12', 'CFA60500', 'Auditoría De Gestión Y Riesgo De Negocios', 14),
(2963, '110', 'CFA60700', 'Electivo De Especialidad', 14),
(2964, '36', 'CFC60200', 'Contabilidad Ii', 14),
(2965, '47', 'CFC60400', 'Contabilidad Iv', 14),
(2966, '177', 'CFC60500', 'Tecnología De La Información Contable I', 14),
(2967, '178', 'CFC60600', 'Tecnología De La Información Contable Ii', 14),
(2968, '137', 'CFC60700', 'Integración Y Análisis Contable', 14),
(2969, '29', 'CFC60800', 'Contabilidad Gubernamental', 14),
(2970, '172', 'CFC60900', 'Taller Contable Computacional', 14),
(2971, '158', 'CFC61200', 'Presupuesto Y Gestión De Costos', 14),
(2973, '23', 'CFC65000', 'Contabilidad Costo Y Presupuesto', 14),
(2974, '59', 'CFD60100', 'Derecho Civil', 14),
(2975, '61', 'CFD60200', 'Derecho Comercial', 14),
(2976, '74', 'CFD60300', 'Derecho Tributario', 14),
(2977, '121', 'CFF60200', 'Finanzas Ii', 14),
(2978, '181', 'CFO60100', 'Trabajo De Titulación I', 14),
(2979, '153', 'CFO60300', 'Práctica', 14),
(2980, '133', 'CFT60100', 'Impuestos I', 14),
(2981, '134', 'CFT60200', 'Impuestos Ii', 14),
(2982, '174', 'CFT60300', 'Taller Tributario Computacional', 14),
(2983, '140', 'ECF61100', 'Microeconomía', 13),
(2985, '27', 'ECG61300', 'Economía Chilena Y Desarrollo', 13),
(2986, '104', 'ECG61600', 'Gestión De La Información En Comercio Exterio', 13),
(2987, '9', 'EST61000', 'Estadística', 16),
(2988, '3', 'GIA64500', 'Análisis De Información Documental I', 15),
(2989, '4', 'GIA64600', 'Análisis De Información Documental Ii', 15),
(2990, '18', 'GID64400', 'Descripción Documental Ii', 15),
(2993, '19', 'GIE65700', 'Educación De Usuarios', 15),
(2995, '39', 'GIF60700', 'Formación Y Desarrollo De Colecciones', 15),
(2998, '152', 'IND70300', 'Evaluación De Proyectos Ii', 17),
(2999, '53', 'IND70200', 'Desarrollo Económico', 17),
(3000, '260', 'IND62000', 'Métodos Cuantitativos', 17),
(3001, '105', 'TYT61600', 'Economía De Transporte', 17),
(3002, '45', 'MEC70000', 'Mecánica Racional', 20),
(3003, '53', 'MAT72200', 'Cálculo Vectorial', 9),
(3004, '337', 'IND61001', 'Sistemas Macroeconómicos', 17),
(3005, '383', 'IND69800', 'Trabajo De Titulación I', 17),
(3006, '9', 'IND61500', 'Análisis De Decisiones', 17),
(3008, '6', 'IND61600', 'Administración De La Producción Ii', 17),
(3009, '77', 'CFT61000', 'Derecho Tributario Y Comercial', 14),
(3010, '20', 'CFC62600', 'Computación', 14),
(3011, '303', 'IND60300', 'Procesos Industriales Y Control De Calidad', 17),
(3012, '144', 'ECE61200', 'Microeconomía Ii', 13),
(3013, '24', 'EST64200', 'Inferencia Estadística', 16),
(3014, '45', 'IND60200', 'Contabilidad General Y De Costos', 17),
(3015, '72', 'CFD61000', 'Derecho Laboral', 14),
(3016, '31', 'CFC62100', 'Contabilidad I', 14),
(3017, '390', 'TYT69900', 'Trabajo De Titulación Ii', 17),
(3018, '353', 'TYT61200', 'Tecnología Del Transporte', 17),
(3019, '63', 'MEC62300', 'Resistencia De Materiales', 20),
(3020, '60', 'CFD60900', 'Derecho Civil', 14),
(3021, '395', 'TYT62300', 'Transporte Marítimo', 17),
(3022, '392', 'TYT62200', 'Transporte Aéreo', 17),
(3023, '51', 'TYT60900', 'Derecho De Transporte Y Legislación', 17),
(3024, '320', 'TYT61800', 'Simulación De Proceso De Transporte', 17),
(3025, '252', 'TYT62000', 'Logística Y Distribución Física', 17),
(3026, '408', 'TYT61500', 'Vías Rápidas Urbanas', 17),
(3027, '262', 'TYT61400', 'Modelos Estocasticos De Transporte', 17),
(3029, '24', 'ECR61000', 'Economía Ambiental', 13),
(3030, '4', 'ESE61000', 'Econometría', 16),
(3031, '274', 'TYT61000', 'Planificación Y Transporte', 17),
(3032, '124', 'ECE61400', 'Macroeconomía Ii', 13),
(3033, '164', 'CFS61000', 'Sistemas De Información Administrativa', 14),
(3034, '7', 'CFC62400', 'Análisis De Costos', 14),
(3035, '144', 'HUM25100', 'Efg:medio Ambiente Y Sociedad', 4),
(3036, '88', 'AAI52100', 'Efe:tasaciones Agrícolas Y Agroindustriales', 21),
(3039, '51', 'AAI50900', 'Efe: Contratación Internacional', 13),
(3040, '259', 'HUM25400', 'Las Vanguardias En Latinoamérica', 4),
(3041, '74', 'AAI52400', 'Efe:ciencia De Los Alimentos', 21),
(3042, '92', 'HUM25300', 'Efg:cultura Y Comunicación Audiovisual', 4),
(3043, '204', 'HUM25200', 'Identidad Latino Americana', 4),
(3044, '82', 'AAI51500', 'Efe:métodos Y Herramientas De Gestión', 21),
(3045, '234', 'AAI52300', 'Producción Avícola', 21),
(3046, '86', 'AAI52200', 'Efe: Seguridad Alimentaria  Plan Haccp.', 21),
(3047, '231', 'HIE61600', 'Inglés Iv', 4),
(3048, '4', 'ECA61300', 'Arancel Aduanero', 13),
(3049, '134', 'ECI61100', 'Medio Ambiente Y Desarrollo Economico', 13),
(3050, '115', 'CFF62800', 'Finanzas Corporativas', 14),
(3051, '155', 'CFF62900', 'Preparación Y Evaluación De Proyectos', 14),
(3052, '76', 'EFE63100', 'Efe: Sistemas Multimedias', 18),
(3053, '183', 'ESM61000', 'Trabajo De Titulación', 13),
(3054, '165', 'ECI61300', 'Relaciones Económicas Internacionales', 13),
(3055, '164', 'ECA61400', 'Regímenes Aduaneros Y Acuerdos De Complementa', 13),
(3056, '126', 'ADM62800', 'Negocios Por Internet', 12),
(3057, '91', 'ADM62700', 'Ética Y La Gestión Organizacional', 12),
(3058, '49', 'QUI61400', 'Introducción A La Ingeniería', 8),
(3059, '31', 'MAT61001', 'Cálculo En Una Variable', 9),
(3060, '5', 'MAT60000', 'Álgebra', 9),
(3061, '319', 'HCE61100', 'Técnicas De La Comunicación Oral Y Escrita', 4),
(3062, '79', 'QUI61500', 'Química General', 8),
(3063, '19', 'FIS61000', 'Física I', 10),
(3064, '136', 'HUM28400', 'Efg: Liderazgo Y Comportamiento Grupal', 4),
(3065, '64', 'DIB61100', 'Dibujo De Ingeniería', 17),
(3066, '82', 'QUI61600', 'Química General E Inorgánica', 8),
(3067, '27', 'FIS62000', 'Física Ii', 10),
(3068, '34', 'MAT62000', 'Cálculo En Varias Variables', 9),
(3069, '55', 'MAT63000', 'Ecuaciones Diferenciales', 9),
(3070, '29', 'INF62400', 'Ciencias De La Computación', 18),
(3071, '96', 'QUI62100', 'Química Orgánica I', 8),
(3072, '241', 'HIE60700', 'Inglés Técnico I', 4),
(3073, '33', 'FIS63000', 'Física Iii', 10),
(3074, '20', 'EST64100', 'Estadística Y Probabilidad', 16),
(3075, '111', 'MAT64000', 'Métodos Numéricos', 9),
(3076, '89', 'QUI62200', 'Química Inorgánica', 8),
(3077, '100', 'QUI62300', 'Química Orgánica Ii', 8),
(3078, '244', 'HIE60800', 'Inglés Técnico Ii', 4),
(3079, '30', 'ELE63100', 'Electricidad Y Electrónica', 19),
(3080, '38', 'QUI63100', 'Físico-química', 8),
(3081, '8', 'QUI63200', 'Balance De Masa Y Energía', 8),
(3082, '71', 'QUI63300', 'Química Analítica', 8),
(3083, '15', 'BTA65600', 'Bioquímica', 11),
(3085, '11', 'QUI63400', 'Ciencia De Los Materiales', 8),
(3086, '109', 'QUI63500', 'Termodinámica De Ingeniería', 8),
(3087, '80', 'MEC69800', 'Trabajo De Titulación I', 20),
(3088, '28', 'MEC67800', 'Mantención Y Montaje', 20),
(3089, '59', 'MEC67700', 'Procesos Mecánicos Iv', 20),
(3090, '122', 'INF62600', 'Lenguajes De Expresiones', 18),
(3091, '84', 'INF62800', 'Estructuras De Datos', 18),
(3092, '126', 'INF64200', 'Lenguajes De Programación', 18),
(3093, '169', 'INF65300', 'Simulación De Sistemas', 18),
(3094, '48', 'INF61400', 'Comunicación De Datos', 18),
(3095, '53', 'INF67000', 'Desempeño De Sistemas Computacionales', 18),
(3096, '211', 'INF69800', 'Trabajo De Titulación I', 18),
(3098, '110', 'INF67200', 'Gestión Informática', 18),
(3099, '18', 'BYD36101', 'Archivo De Prensa', 21),
(3100, '304', 'HUM25201', 'Resolución De Conflictos', 4),
(3101, '85', 'MAT61100', 'Matemática I', 9),
(3102, '47', 'CAR61200', 'Geografía Física', 2),
(3103, '49', 'CAR61300', 'Geografía Humana', 2),
(3105, '12', 'CAR61100', 'Cartografía General', 2),
(3106, '24', 'DCV23001', 'Comunicación Visual', 2),
(3107, '323', 'HCE60600', 'Técnicas De La Expresión Oral Y Escrita', 4),
(3108, '209', 'HIE60400', 'Inglés', 4),
(3109, '56', 'HCE60400', 'Percepción', 2),
(3110, '96', 'MAT61200', 'Matemática Ii', 9),
(3111, '50', 'CAR63500', 'Globalización Y Proceso Demográfico Del Espac', 2),
(3112, '91', 'HUM27100', 'Efg: Nuevos Escenarios De La Comunicación', 21),
(3113, '294', 'HUM09000', 'Taller De Desarrollo Personal', 21),
(3114, '190', 'HUM10100', 'Formación Integral', 4),
(3115, '81', 'AAI52700', 'Efe:mercosur, Una Perspectiva Histórica', 21),
(3116, '296', 'ICI5156*', 'Taller De Licenciatura', 21),
(3117, '46', 'ICO01900', 'Comunicación Y Liderazgo', 12),
(3118, '115', 'ICO01600', 'Inversión Económica En Mercosur', 13),
(3119, '101', 'EFE20700', 'Efe: Política Y Gestión Bancaria', 14),
(3120, '190', 'ICO01300', 'Valorización Financiera', 14),
(3121, '88', 'MTMEM100', 'Matemática I', 9),
(3122, '21', 'DIDIE100', 'Dibujo Técnico', 19),
(3123, '11', 'ELCEL100', 'Circuitos Eléctricos', 19),
(3124, '32', 'ELELE100', 'Electrónica', 19),
(3125, '186', 'ELMEL100', 'Materiales Eléctricos', 21),
(3126, '111', 'ICC6X200', 'Instalaciones Especiales Y Climatización', 6),
(3127, '92', 'ICC6X300', 'Explotación Y Taller De Obras Civiles', 6),
(3128, '151', 'ICC6X400', 'Taller De Edificación Y De Empresas', 6),
(3129, '130', 'ICC6X500', 'Políticas Habitacionales Y De Obras Públicas', 6),
(3131, '7', 'EFG30400', 'Aplicaciones En Sistemas De Información', 4),
(3132, '9', 'DIS23000', 'Comunicación Visual', 1),
(3133, '136', 'EFE01000', 'Integración Normativa Contable', 14),
(3134, '293', 'EFE60200', 'Psicología', 4),
(3135, '66', 'EFE01100', 'Efe:industria Porcina', 13),
(3136, '174', 'EFG30200', 'El Rock Como Crítica Social', 4),
(3137, '155', 'EFG30000', 'Efg:reinventando La Empresa Del Siglo Xxi', 4),
(3138, '264', 'EFG30100', 'Literatura Hispanoamericana', 4),
(3139, '18', 'EFE60000', 'Autocad', 17),
(3141, '82', 'EFE21100', 'Efe: Competencias Para La Gestión Profesional', 14),
(3142, '58', 'EFE50100', 'Efe: Estrategia Proyectual', 1),
(3143, '59', 'EFE50200', 'Efe: Filosofía Del Diseño', 1),
(3144, '60', 'EFE50300', 'Efe: Ilustración Digital', 1),
(3145, '121', 'EFE00009', 'La Microempresa, Pyme', 1),
(3146, '62', 'EFE50500', 'Efe: Lenguaje De Los Materiales', 1),
(3147, '17', 'EFE50600', 'Efe: Paisajismo', 7),
(3148, '69', 'EFE50700', 'Efe: Producción Fotográfica', 1),
(3149, '71', 'EFE50800', 'Efe: Producción Y Venta', 1),
(3150, '274', 'EFG30300', 'Margen Política Y Laicismo En El Cine Chileno', 4),
(3151, '68', 'EFE30600', 'Efe: Prefabricación Y Construcción En Madera', 6),
(3152, '155', 'EFE30100', 'Tecnología Del Asfalto Y Su Uso En Pavimento', 6),
(3153, '116', 'EFE01200', 'Inversión Extranjera', 13),
(3154, '360', 'EFE60100', 'Tópicos Avanzados', 17),
(3155, '67', 'EFE60300', 'Efe: Inteligencia Artificial', 18),
(3156, '59', 'EFE60400', 'Efe: Comercio Electrónico', 18),
(3157, '190', 'EFE60500', 'Metodología Para Una Práctica Exitosa', 21),
(3158, '49', 'ICO03000', 'Desarrollo De Habilidades Y Competencias Ii', 12),
(3159, '69', 'EFE03800', 'Efe: Habilidades Comunicacionales Para Profes', 12),
(3160, '108', 'EFE03600', 'Integración Económica', 13),
(3161, '107', 'EFE20800', 'Efe: Valorización De Derivados', 14),
(3162, '109', 'EFG62100', 'Efg: Estado Y Desarrollo Social En Chile', 4),
(3163, '74', 'EFE04000', 'Efe: Marketing Internacional', 12),
(3164, '55', 'ICO03500', 'Dirección Estratégica De Rrhh', 12),
(3165, '77', 'EFE04300', 'Efe: Negociación Y Liderazgo', 12),
(3166, '56', 'EFE90000', 'Muestreo Estadístico En Procesos Industriales', 8),
(3167, '52', 'EFE90100', 'La Calidad En Los Laboratorios Analíticos', 8),
(3169, '29', 'EFE30200', 'Fundamentos Sociológicos De La Arquitectura', 7),
(3170, '42', 'EFE30300', 'Sistemas Ambientales Y Hábitat', 7),
(3171, '54', 'IPR41500', 'Práctica Estival I', 5),
(3172, '114', 'EFE63200', 'Efe: Curso Práctico De Derecho Laboral Y Trib', 17),
(3180, '11', 'EFE50900', 'Efe: El Espacio Arquitectónico Y El Cine', 7),
(3181, '86', 'EFG31000', 'Efg: Las Catástrofes Naturales Y Su Impacto E', 13),
(3186, '73', 'EFE30700', 'Efe: Sist.de Inf. Automatizados Aplicado A Me', 6),
(3190, '127', 'EFG60000', 'Efg: Implement. De La Responsabilidad Social ', 4),
(3191, '78', 'EFG60100', 'Efg: Ciencia Y Orden Tecnológico', 4),
(3192, '41', 'EFE50400', 'Efe: Cultura Arte Y Diseño', 1),
(3193, '17', 'EFE30900', 'Ciencia Política I', 4),
(3195, '63', 'EFE31100', 'Efe: Impermeabilización', 6),
(3196, '85', 'HSG61300', 'Efg: Condición Física Y Deporte', 4),
(3197, '76', 'EFE31200', 'Efe: Tecnología Del Asfalto', 6),
(3198, '12', 'EFG50000', 'Efg: Taller De  Biodanza', 3),
(3201, '95', 'EFG62400', 'Efg: De La Obediencia A La Propuesta En Ingen', 4),
(3203, '20', 'EFE90800', 'Efe: Corrosión Industrial', 8),
(3204, '126', 'EFG62500', 'Efg: Ideología Y Cultura Audiovisual', 4),
(3205, '65', 'CAR66500', 'Simbolización Temática', 2),
(3206, '72', 'CAR60100', 'Tesis De Grado', 2),
(3207, '187', 'DCV30900', 'Teoría Del Diseño En Comunicación Visual', 1),
(3210, '61', 'EFE04200', 'Efe: Estrategias En La Agroindustria', 12),
(3211, '83', 'EFG04400', 'Efg: Fomento Productivo En Turismo', 12),
(3214, '130', 'EFE63400', 'Efe: Rol De La Agricultura En La Economía De ', 17),
(3215, '29', 'EFE63500', 'Efe: Redes De Computadores', 19),
(3216, '24', 'EFE63600', 'Efe: Calidad En Los Sistemas De Telecomunicac', 19),
(3217, '15', 'EFE31000', 'Efe: Prevención De Riesgos En Obras Concesion', 5),
(3219, '16', 'CDCIC130', 'Ciencia De Los Materiales I', 6),
(3220, '115', 'CDCIC140', 'Introducción A La Ingenieria En Construcción', 6),
(3221, '9', 'MATPC601', 'Álgebra', 9),
(3222, '20', 'MATPC605', 'Álgebra Lineal', 9),
(3223, '70', 'EFE06200', 'Efe: Trazabilidad En Los Procesos', 4),
(3224, '79', 'EFE06300', 'Efe: Producción Orgánica', 13),
(3225, '56', 'EFE06400', 'Efe: Economía Aplicada', 13),
(3226, '90', 'EFE06500', 'Efe: Finanzas Públicas', 14),
(3227, '60', 'EFE06600', 'Efe: E-business', 12),
(3228, '79', 'EFE06700', 'Efe: Protocolo De Negocios', 12),
(3229, '39', 'MATPC611', 'Cálculo I', 9),
(3230, '105', 'EFG62700', 'Efg: El Mundo De Los Massmedia Y El Imaginari', 4),
(3232, '79', 'EFG62900', 'Efg: Cine Y Cultura Latinoamericana', 4),
(3234, '119', 'EFG63100', 'Efg: Globalización Y Tradiciones Locales', 4),
(3235, '87', 'EFG64000', 'Efg: Turismo De Negocios', 12),
(3236, '43', 'MATPC612', 'Cálculo Ii', 9),
(3238, '163', 'EFG63400', 'Efg: Sueños Y Desarrollo Personal', 4),
(3239, '159', 'EFG63500', 'Efg: Sistema Democrático', 4),
(3242, '123', 'EFG63800', 'Efg: Historia Económica Y Social De Chile', 4),
(3243, '137', 'EFG63900', 'Efg: Liderazgo Y Comunicación', 4),
(3244, '87', 'EFG64100', 'Efg: Recursos Territoriales Turísticos', 13),
(3246, '19', 'EFE91100', 'Efe: Antioxidantes Y Radicales Libres', 8),
(3247, '23', 'EFE91300', 'Efe: Gestión De Calidad', 8),
(3248, '25', 'EFE91200', 'Efe: Operaciones Unitarias', 8),
(3249, '77', 'EFE64300', 'Efe: World Class', 18),
(3250, '133', 'EFE64400', 'Efe: Tecnologías De Información Y Simulación ', 17),
(3251, '80', 'EFE05100', 'Efe: Proyectos Y Negocios Internacionales', 13),
(3252, '58', 'EFE51400', 'Efe: Biónica Aplicada Al Diseño Industrial', 18),
(3253, '68', 'EFE51500', 'Efe: Introducción A Los Mecanismos', 18),
(3254, '75', 'EFE51600', 'Efe: Sonido', 1),
(3256, '79', 'EFE51800', 'Efe: Tecnologías Digitales En Diseño', 1),
(3257, '294', 'PRP63000', 'Práctica Profesional I', 17),
(3258, '296', 'PRP63010', 'Práctica Profesional Ii', 17),
(3260, '111', 'EFE60800', 'Efe: Aplicaciones Avanzadas En Transporte Y T', 17),
(3261, '226', 'IND71400', 'Ingeniería En Bioprocesos', 17),
(3279, '100', 'EFE07700', 'Efe: Operación Renta', 14),
(3280, '190', 'DCV50001', 'Trabajo De Titulacion', 1),
(3285, '58', 'EFE08300', 'Efe: Economia Social', 13),
(3286, '81', 'EFE08400', 'Efe: Balance Scorecard', 14),
(3288, '88', 'EFG00360', 'Efg: Represent. Grafica Del Relieve Y Su Imp.', 13),
(3290, '84', 'EFE08600', 'Efe: Teoria De Juegos Y Sus Aplicaciones Econ', 13),
(3294, '20', 'EFG20000', 'Efg: Enfermedades De Transmisión Sexual Y Sex', 5),
(3300, '25', 'EFE64600', 'Efe: Compatibilidad Electromagnetica', 19),
(3301, '116', 'EFE64700', 'Efe: Diseñado Mecanico De Modelado Parametric', 17),
(3302, '16', 'EFE64800', 'Efe: Control Dimensional', 20),
(3303, '128', 'EFE64900', 'Efe: Mecanica De Medios Continuos Aplicada', 17),
(3306, '57', 'EFE08700', 'Efe: Administración Del Conocimiento', 12),
(3308, '66', 'EFE09100', 'Efe: Gestion Del Capital Intelectual', 12),
(3309, '63', 'EFE09200', 'Efe: Gestion De Calidad', 12),
(3310, '68', 'EFE09300', 'Efe: Gestion Del Capital Relacional', 12),
(3311, '70', 'EFE09400', 'Efe: Habilidades Directivas', 12),
(3313, '75', 'EFE09600', 'Efe: Marketing Internacional', 12),
(3314, '24', 'EFE91800', 'Efe: Industrializacion De Productos Naturales', 8),
(3315, '118', 'EFE65100', 'Efe: Embalajes De Madera Normativa Y Exportac', 17),
(3316, '25', 'MEC60000', 'Introducción A La Ingeniería', 20),
(3317, '62', 'EFE09700', 'Efe: Gest. De Procesos Agroindustriales Horto', 12),
(3318, '28', 'HUM01700', 'Ciencia Y Ficcion', 21),
(3319, '288', 'TYT90000', 'Practica Profesional', 17),
(3320, '146', 'INF90000', 'Practica Profesional', 18),
(3321, '285', 'GEO90000', 'Practica Profesional', 17),
(3322, '72', 'ELE90000', 'Practica Profesional', 19),
(3323, '47', 'MEC90000', 'Practica Profesional', 20),
(3324, '287', 'MAD90000', 'Practica Profesional', 17),
(3325, '286', 'IND90000', 'Practica Profesional', 17),
(3326, '23', 'EFE65200', 'Efe: Aplicac. De Microcont. Con Lengs. De Alt', 19),
(3327, '73', 'EFE21700', 'Efe: Logistica Integral', 12),
(3329, '81', 'EFE52800', 'Efe: Usabilidad', 1),
(3330, '99', 'EFE21800', 'Efe: Normas Internacionales De Informacion Fi', 14),
(3331, '53', 'EFE21900', 'Efe: Desarrollo Sustentable', 13),
(3332, '85', 'EFE22000', 'Efe: Control De Gestion Y Analisis Financiero', 14),
(3335, '71', 'EFE65300', 'Efe: Logica Difusa', 18),
(3336, '139', 'EFG65200', 'Efg: Meteorología General', 17),
(3337, '136', 'EFG65300', 'Efg:  Contaminación Y Restauración De Suelos', 17),
(3338, '137', 'EFG65400', 'Efg: Evaluación De Impacto Ambiental', 17),
(3339, '74', 'EFE63300', 'Efe: Planificación Y Gerencia Informática', 18),
(3340, '97', 'EFE21400', 'Efe: Ley Sarbanes Oxley, Como Cumplir Con La ', 14),
(3341, '105', 'EFE21500', 'Efe: Tópicos De Análisis Financiero', 14),
(3342, '34', 'EFE03200', 'Efe: Tiflotecnia Aplicada A La Bibliotecologí', 15),
(3343, '125', 'EFE61900', 'Efe: Legislación Aplicable En El Ámbito Empre', 17),
(3345, '27', 'EFE63000', 'Efe: Modelado De Sistemas De Comunicación Dig', 19),
(3350, '86', 'CDCIC620', 'Estructuras Ii', 6),
(3351, '107', 'CDCIC630', 'Ingeniería De Sistemas E Investigación Operat', 6),
(3352, '99', 'CDCIC640', 'Geotecnia Y Fundaciones', 6),
(3353, '7', 'CDCIC710', 'Análisis De Costos', 6),
(3354, '37', 'CDCIC720', 'Diseño Y Construcción De Obras Viales', 6),
(3355, '140', 'CDCIC740', 'Programación Y Control De Proyectos', 6),
(3356, '43', 'CDCIC810', 'Diseño Y Construcción En Maderas', 6),
(3357, '40', 'CDCIC820', 'Diseño Y Construcción En Acero', 6),
(3358, '41', 'CDCIC830', 'Diseño Y Construcción En Hormigon Armado', 6),
(3359, '100', 'CDCIC840', 'Gestión De Proyectos De Ingeniería', 6),
(3360, '15', 'EFGIC910', 'Ciclo De Formación General', 6),
(3361, '14', 'EFEIC920', 'Ciclo De Formación Especializada', 6),
(3362, '12', 'CDCIC101', 'Ciclo Conducente A Diploma', 6),
(3363, '13', 'EFEIC102', 'Ciclo Conducente A Minor', 6),
(3364, '162', 'TTIIC103', 'Trabajo De Titulación', 6),
(3365, '134', 'PRPIC104', 'Práctica Profesional', 6),
(3366, '21', 'CDCIC520', 'Ciencia Y Tecnologia Del Hormigón', 6),
(3367, '147', 'CDCIC730', 'Sismicidad', 6),
(3368, '52', 'CFC61000', 'Costos I', 14),
(3369, '71', 'CFD60400', 'Derecho Laboral', 14),
(3370, '117', 'CFF60100', 'Finanzas I', 14),
(3371, '119', 'ECF61200', 'Macroeconomía', 13),
(3372, '66', 'EFE04600', 'Efe: Ontología Del Lenguaje Para Diseñadores', 1),
(3373, '17', 'GID64300', 'Descripción Documental I', 15),
(3374, '53', 'GIG66500', 'Gestión De Unidades De Información Documental', 15),
(3375, '71', 'GIR65800', 'Recursos Y Servicios De Información Comercial', 15),
(3377, '112', 'INF75700', 'Informática Industrial', 18),
(3378, '13', 'LTS70300', 'Elect. De Profund. En Trab.  Social Grupal Co', 3),
(3379, '89', 'DIN25500', 'Ergonomía I', 1),
(3382, '38', 'MEC66100', 'Mecánica De Fluidos', 20),
(3384, '297', 'TUP32100', 'Taller De Titulación', 21),
(3385, '100', 'TYT60700', 'Diseño Y Construcción Vial', 17),
(3388, '116', 'EFG60900', 'Efg: Fundamento Del Desarrollo De América Lat', 4),
(3389, '133', 'ACI48000', 'Fundamentos Económicos', 21),
(3391, '69', 'EFE80000', 'Efe: Primeros Auxilios', 6),
(3392, '82', 'EFEP5000', 'Tratamientos De Aguas', 5),
(3393, '258', 'EFEP1000', 'Riesgo En La Minería', 21),
(3394, '288', 'EFE10001', 'Prev. De Riesgos En El Área Salud', 4),
(3395, '32', 'HUM16200', 'Desafíos Laborales Desde La Perspectiva', 4),
(3405, '164', 'IEE55000', 'Redes Inalámbricas', 18),
(3406, '83', 'CAD60000', 'Efe: Contabilidad Bancaria', 14),
(3407, '341', 'IET45400', 'Taller', 17),
(3408, '78', 'EFE21200', 'Efe: Negocios Por Internet', 12),
(3409, '71', 'EFE21300', 'Efe: Juego De Negocios', 12),
(3410, '18', 'EFE30400', 'Efe: Técnicas Del Control De Riesgos', 5),
(3411, '70', 'EFE30500', 'Efe: Producción Limpia', 6),
(3412, '29', 'HFG60000', 'Cultura Ciencia Y Tecnología', 4),
(3413, '32', 'EFE03000', 'Efe: Sistemas De Información Geográfica', 2),
(3416, '142', 'HCG60200', 'Efg:los Rostros Visibles Del Poder', 4),
(3417, '1', 'EFQ00200', 'Efe:quimiometría', 10),
(3418, '287', 'HCG60500', 'Práctica Coral I', 4),
(3419, '286', 'HUM26300', 'Política Mundial: Medio Ambiente', 4),
(3420, '198', 'EIC10000', 'Microeconomía', 21),
(3421, '4', 'EIC10301', 'Administración Estratégica', 21),
(3422, '33', 'EIC10401', 'Comportamiento Organizacional', 21),
(3428, '225', 'MAT22820', 'Probabilidad Y Procesos Estocásticos', 21),
(3429, '106', 'EFE20900', 'Efe: Valoración De Empresas', 14),
(3430, '103', 'EFE20600', 'Efe: Sistemas Metodológicos', 14),
(3431, '107', 'ICO02800', 'Gestión Moderna De Negocios Ii', 12),
(3432, '50', 'ICO02700', 'Desarrollo De Las Habilidades', 12),
(3433, '54', 'ICO02900', 'Dirección Estratégica De Rrhh', 12),
(3434, '306', 'ICI36253', 'Sistemas Integrados De Producción', 4),
(3436, '184', 'TTI01000', 'Trabajo De Titulación', 13),
(3437, '73', 'EFE51900', 'Efe: Prospectiva Y Desarrollo De Productos', 1),
(3439, '29', 'EFE52100', 'Efe: Cartografía Dinámica 3d En Internet', 2),
(3440, '78', 'EFG20200', 'Efg: Elementos Finitos', 6),
(3441, '48', 'EFE52600', 'Efe: Diseño De Interfaz Para Nuevos Productos', 1),
(3442, '65', 'EFE32000', 'Efe: Materiales Cerámicos', 6),
(3443, '54', 'EFE32100', 'Efe: Control De Gestión En Proyectos De Const', 6),
(3444, '11', 'EFE32200', 'Efe: Metodologia De Analisis De Riesgos', 5),
(3445, '138', 'EFG65500', 'Efg: Geoestadística Aplicada', 17),
(3447, '140', 'EFG65700', 'Efg: Radiación Infrarroja Y Ultravoleta', 17),
(3450, '20', 'EFE09800', 'Efe: Animacion Lectora A La Biblioteca', 15),
(3457, '94', 'EFG53000', 'Efg: Cultura Y Literatura Rusa', 4),
(3458, '113', 'EFG53100', 'Efg: Expresión Oral Y Gesticular', 4),
(3459, '18', 'EFE65400', 'Efe: Transferencia De Calor', 20),
(3461, '17', 'EFE65600', 'Efe: Ingeniería De Pérdida', 20),
(3462, '15', 'EFE65700', 'Efe: Climatización', 20),
(3463, '86', 'EFG06800', 'Efg: Producción De Eventos Y Protocolo', 12),
(3464, '52', 'EFE10100', 'Efe: Cultivos Forzados', 13),
(3465, '122', 'FISSF500', 'Fisica Basica', 21),
(3466, '7', 'MATSF500', 'Algebra', 21),
(3467, '63', 'MATSF501', 'Geometria', 9),
(3468, '173', 'LEGSFT01', 'Legislación En Prevención', 21),
(3469, '260', 'BIOSFT01', 'Riesgos Químicos Y Biológicos', 21),
(3470, '247', 'QUISFT01', 'Quimica', 21),
(3472, '120', 'FISSFT01', 'Fisica', 21),
(3473, '149', 'HIFSFT01', 'Herramientas Informáticas', 21),
(3474, '39', 'CMASFT01', 'Contaminacion Y Medio Ambiente', 21),
(3475, '70', 'EFE53000', 'Efe: Producción Rta', 1),
(3476, '39', 'EFE53100', 'Efe: Competencias Laborales Del Diseñador', 1),
(3479, '62', 'EFE10200', 'Efe: Francés Para Los Negocios', 13),
(3482, '27', 'EFE53500', 'Efe: Cartografía De Modelos Digitales 3d Desa', 2),
(3484, '72', 'EFE10300', 'Efe: Inversión Extranjera', 13),
(3486, '280', 'ICI51560', 'Practica Estival I', 17),
(3488, '203', 'HSG60200', 'Identidad Cultural Estado Y Nación De Chile', 4),
(3512, '42', 'CFC60300', 'Contabilidad Iii', 14),
(3513, '111', 'CFA60600', 'Ética Profesional', 14),
(3514, '127', 'CFF60300', 'Finanzas Iii', 14),
(3515, '183', 'CFO60200', 'Trabajo De Titulación Ii', 14),
(3516, '18', 'CFA60200', 'Auditoría Tributaria', 14),
(3517, '37', 'GIE66600', 'Estudio De Usuarios', 15),
(3518, '70', 'GIR67600', 'Recursos Y Serv. De Inf. En Ciencias Sociales', 15),
(3519, '50', 'GIG60800', 'Gestión De Información Documental En Las Empr', 15),
(3520, '30', 'CFC60100', 'Contabilidad I', 14),
(3521, '168', 'DCV10800', 'Sistemas De Producción', 1),
(3522, '95', 'DCV10900', 'Expresión Fotográfica I', 1),
(3523, '173', 'DCV20001', 'Taller De Comunicación Visual Ii', 1),
(3524, '97', 'DCV20100', 'Expresión Grafica', 1),
(3525, '96', 'DCV20200', 'Expresión Fotográfica Ii', 1),
(3526, '114', 'DCV20300', 'Historia Del Diseño Grafico', 1),
(3527, '140', 'DCV20400', 'Percepción', 1),
(3528, '8', 'DCV20500', 'Comunicación', 1),
(3529, '163', 'DCV20600', 'Semiología', 1),
(3530, '116', 'DCV20700', 'Historia De Los Medios Audiovisuales', 1),
(3531, '171', 'DCV30000', 'Taller Comunicación Visual Iii', 1),
(3532, '170', 'DCV30100', 'Sonido', 1),
(3533, '92', 'DCV30200', 'Expresión Animada', 1),
(3534, '93', 'DCV30300', 'Expresión Audiovisual', 1),
(3535, '91', 'DCV30400', 'Estética', 1),
(3536, '166', 'DCV30500', 'Sicología General', 1),
(3538, '133', 'DCV30800', 'Métodos De Investigación', 1),
(3540, '174', 'DCV40000', 'Taller De Comunicación Visual Iv', 1),
(3541, '101', 'DCV40100', 'Expresión Multimedial', 1),
(3542, '162', 'DCV40200', 'Seminario De Expresión', 1),
(3543, '97', 'DCV40300', 'Gestión De Negocios', 12),
(3544, '175', 'DCV40400', 'Taller De Investigación', 1),
(3545, '236', 'DCV40500', 'Inglés Técnico', 4),
(3546, '75', 'ACI47400', 'Efe: Creación Y Diseño De Páginas Web', 21),
(3547, '127', 'ACI88800', 'Formas De Pago Internacional', 21),
(3548, '83', 'AAI52800', 'Efe:negociación Colectiva', 21),
(3551, '61', 'EFE51000', 'Efe: Modelado De Superficies 3d', 4),
(3552, '90', 'HUM08400', 'Efg:marco Global Nacional Para La Microempres', 21),
(3553, '31', 'DIN10000', 'Diseño Industrial I', 1),
(3554, '11', 'DIN11000', 'Configuración', 1),
(3555, '98', 'DIN12000', 'Expresión I', 1),
(3556, '152', 'DIN13000', 'Proyectiva Digital', 1),
(3557, '6', 'CAR68200', 'Astronomía De Posición', 2),
(3558, '10', 'CAR68400', 'Cartografía Del Paisaje Rural', 2),
(3559, '182', 'HFE62500', 'Ética Profesional', 4),
(3560, '1', 'ADM65000', 'Administración General', 2),
(3561, '44', 'CAR69200', 'Geodesia', 2),
(3562, '63', 'CAR69300', 'Proyecto De Tesis', 2),
(3563, '61', 'CAR69100', 'Práctica Profesional', 2),
(3565, '6', 'MAT60C01', 'Álgebra', 9),
(3566, '78', 'CAD59600', 'Efe: Auditoría, Asertividad Y Liderazgo', 14),
(3596, '89', 'CAD47100', 'Efe: Evaluación De Riesgo', 14),
(3597, '96', 'CAD47300', 'Efe: Impuestos Diferidos', 14),
(3598, '1', 'CAD47400', 'Actualización De Impuestos', 14),
(3599, '163', 'CAD47500', 'Sistema Previsional Chileno Y Beneficio Tribu', 14),
(3600, '32', 'MAT71400', 'Complementos De Cálculo Avanzado', 21),
(3601, '292', 'EFE00030', 'Sistemas Sociales', 21),
(3602, '68', 'EFE00003', 'Efe: Sociología De Las Organizaciones', 4),
(3603, '85', 'EFE00040', 'Efe: Psicología Laboral', 21),
(3604, '160', 'HUM28200', 'Protocolo Organizacional', 14),
(3605, '94', 'ECE61000', 'Fundamentos De La Economía', 13),
(3606, '22', 'ADM60100', 'Administración I', 12),
(3607, '86', 'MAT62100', 'Matemática I', 9),
(3608, '135', 'ECI61200', 'Geografía Económica', 21),
(3609, '114', 'ECC61000', 'Introducción Al Comercio Internacional', 13),
(3610, '212', 'HIE61300', 'Inglés I', 4),
(3611, '142', 'ECE61100', 'Microeconomía I', 13),
(3612, '24', 'ADM60200', 'Administración Ii', 12),
(3613, '97', 'MAT62200', 'Matemática Ii', 9),
(3614, '11', 'ECC61100', 'Comercio Internacional I', 13),
(3615, '219', 'HIE61400', 'Inglés Ii', 4),
(3616, '122', 'ECE61300', 'Macroeconomía I', 13),
(3617, '32', 'CFC63100', 'Contabilidad I', 14),
(3618, '106', 'MAT62300', 'Matemática Iii', 9),
(3619, '17', 'ADM60300', 'Administración De Recursos Humanos', 12),
(3620, '12', 'ECC61200', 'Comercio Internacional Ii', 13),
(3621, '224', 'HIE61500', 'Inglés Iii', 4),
(3622, '153', 'ECE61800', 'Política Económica', 13),
(3623, '38', 'CFC63200', 'Contabilidad Ii', 14),
(3624, '13', 'EST61100', 'Estadística I', 16),
(3625, '98', 'ECA61000', 'Gestión Aduanera I', 13),
(3626, '148', 'ECC61300', 'Operaciones De Cambio Internacionales', 13),
(3627, '43', 'ADM61100', 'Comportamiento Y Cambio Organizacional', 12),
(3628, '117', 'ADM60400', 'Marketing I', 12),
(3629, '56', 'CFC63300', 'Costos Y Presupuestos', 14),
(3630, '16', 'EST61200', 'Estadística Ii', 16),
(3631, '100', 'ECA61100', 'Gestión Aduanera Ii', 13),
(3632, '186', 'ECC61400', 'Transporte Internacional I', 13),
(3633, '63', 'CFD61400', 'Derecho I', 14),
(3634, '118', 'ADM60501', 'Marketing Ii', 12),
(3635, '119', 'CFF62500', 'Finanzas I', 14),
(3636, '187', 'ECC61900', 'Transporte Internacional Ii', 13),
(3637, '192', 'ECA61200', 'Valorización Aduanera', 13),
(3638, '113', 'ECT61700', 'E- Transfer', 14),
(3639, '65', 'CFD61500', 'Derecho Ii', 14),
(3640, '38', 'ECC61500', 'Economía Internacional', 13),
(3641, '123', 'CFF62600', 'Finanzas Ii', 14),
(3642, '169', 'ECC61600', 'Seguros Internacionales', 13),
(3643, '136', 'ECC61800', 'Merciología', 13),
(3644, '120', 'ADM60600', 'Marketing Iii', 12),
(3646, '121', 'ADM60700', 'Marketing Iv', 12),
(3647, '128', 'CFF62700', 'Finanzas Internacionales', 14),
(3648, '211', 'HIE52300', 'Inglés I', 4),
(3649, '130', 'HCG60400', 'Efg:introducción A La Música I', 4),
(3650, '77', 'EFG61000', 'Efg: Ciencia Política En La Sociedad Globaliz', 4),
(3651, '132', 'EFG61100', 'Efg: La Cultura Y El Conocimiento Científico ', 4),
(3652, '133', 'EFG61200', 'Efg: La Ingeniería Y El Orden Tecnológico', 4),
(3653, '99', 'EFG61500', 'Efg: Desarrollo Científico Y Realidad Latino ', 4),
(3654, '141', 'EFG61400', 'Efg: Los Nuevos Conflictos En El Mundo Global', 4),
(3656, '81', 'EFG61700', 'Efg: Comp. Para Las Relaciones En El Mundo La', 4),
(3657, '125', 'EFG61800', 'Efg: Identidad, Cultural Estado Y Nación En C', 4),
(3659, '97', 'EFG62000', 'Efg: Delincuencia Y Tribus Urbanas', 4),
(3660, '72', 'EFE63700', 'Efe: Modelado De Sistemas Con Uml', 18),
(3661, '79', 'EFEIC610', 'Electivo En Ciencias De La Ingenieria', 6),
(3662, '23', 'EEIES100', 'Inferencia Estadística', 16),
(3663, '19', 'PPF10200', 'Autogestión De Proyectos', 21),
(3664, '37', 'PPF10100', 'Conducción De Equipos', 21),
(3665, '80', 'CAD48100', 'Efe: Auditoría De Contabilidad Específicas', 14),
(3666, '88', 'CAD59500', 'Efe:evaluación De Proyectos', 14),
(3667, '132', 'CAD56700', 'Fut', 14),
(3668, '257', 'HSG60600', 'Las Decisiones Y La Comunicación A La Organiz', 4),
(3669, '36', 'DIN37000', 'Ecología Del Desarrollo Humano', 1),
(3670, '51', 'CAR67600', 'Investigación Científica Para El Medio Ambien', 2),
(3671, '48', 'GIF63100', 'Fundamentos De La Bibliotecología', 15),
(3672, '44', 'GIF66200', 'Fuentes De Información, Productos Y Serv. Bib', 15),
(3673, '41', 'GIF66900', 'Formulación De Proyectos De Información', 15),
(3674, '52', 'GIG66400', 'Gestión De Unidades De Información Documental', 15),
(3675, '71', 'GIL66200', 'Lógica Simbólica', 9),
(3676, '60', 'GIM68100', 'Métodos De Investigación Bibliográfica', 15),
(3677, '61', 'GIM68500', 'Métodos De Investigación En Bibliotecología', 15),
(3678, '64', 'GIP66000', 'Práctica Profesional', 15),
(3679, '74', 'GIR60300', 'Representación Temática De La Información I', 15),
(3680, '75', 'GIR60400', 'Representación Temática De La Información Ii', 15),
(3681, '69', 'GIR65600', 'Recuperación De Información Y Bases De Datos ', 15),
(3682, '72', 'GIR65700', 'Recursos Y Servicios De Información En Cienci', 15),
(3683, '68', 'GIR67500', 'Recuperación De Información Y Bases De Datos ', 15),
(3684, '77', 'GIS68800', 'Seminario De Investigación', 15),
(3685, '81', 'GIT65500', 'Taller De Aplicación De La Especialidad', 15),
(3686, '83', 'GIT67100', 'Tecnología De La Información I', 15),
(3687, '84', 'GIT67300', 'Tecnología De La Información Ii', 15),
(3688, '85', 'GIT67700', 'Tecnología De La Información Iii', 15),
(3689, '86', 'GIT67800', 'Tecnología De La Información Iv', 15),
(3690, '88', 'GIT68000', 'Trabajo De Titulación', 15),
(3691, '267', 'HCE60800', 'Literatura Universal', 4),
(3692, '261', 'HCE61300', 'Lingüística General', 4),
(3693, '198', 'HFE61300', 'Historia De Las Ciencias', 4),
(3694, '196', 'HFE61400', 'Historia De Las Artes Y Humanidades', 4),
(3695, '218', 'HIE52400', 'Inglés Ii', 4),
(3696, '223', 'HIE52500', 'Inglés Iii', 4),
(3697, '230', 'HIE52600', 'Inglés Iv', 4),
(3698, '108', 'HSE61600', 'Historiografía Universal', 12),
(3699, '84', 'MAT50300', 'Matemática I', 9),
(3700, '95', 'MAT50400', 'Matemática Ii', 9),
(3701, '105', 'MAT50500', 'Matemática Iii', 9),
(3702, '73', 'MAT60700', 'Matemática', 9),
(3703, '138', 'INF75000', 'Optimización De Sistemas', 18),
(3704, '45', 'INF76200', 'Computación Paralela', 18),
(3705, '107', 'INF75200', 'Gestión Financiera De Ti', 18),
(3706, '98', 'INF75500', 'Gestión De Proyectos Informáticos', 18),
(3707, '185', 'INF76300', 'Sistemas Distribuidos', 18),
(3708, '212', 'INF79800', 'Trabajo De Titulación I', 18),
(3709, '189', 'INF73600', 'Sistemas Integrados De Información', 18),
(3710, '80', 'EFE32600', 'Electivo: Planificacion Urbana Y Medio Ambien', 6),
(3711, '77', 'EFG22100', 'Efg: Economia De Recursos Naturales', 6),
(3712, '6', 'EFG65800', 'Efg: Introducción A La Física Nuclear', 10),
(3714, '208', 'EFG10000', 'Inglés', 4),
(3716, '55', 'EFPD0380', 'Desarrollo De Objetos De Vidrio Y Cerámica', 21),
(3717, '132', 'ECR61300', 'Materias Primas Vegetales I', 13),
(3718, '130', 'ECR61500', 'Materias Primas Animales I', 13),
(3719, '110', 'ECT61000', 'Introducción A La Agroindustria', 13),
(3720, '133', 'ECR61400', 'Materias Primas Vegetales Ii', 13),
(3721, '131', 'ECR61600', 'Materias Primas Animales Ii', 13),
(3722, '175', 'CFC64400', 'Tecnología De Información', 14),
(3723, '33', 'CFC64000', 'Contabilidad I', 14),
(3724, '2', 'ECR61700', 'Acuicultura Y Pesquería', 13),
(3725, '28', 'ESM61001', 'Metodología De La Investigación', 16),
(3726, '39', 'CFC64100', 'Contabilidad Ii', 14),
(3727, '15', 'ECT61100', 'Desarrollo De Procesos Unitarios I', 13),
(3728, '165', 'CFS62000', 'Sistemas De Información Administrativa', 14),
(3729, '26', 'ESO61001', 'Investigación De Operaciones', 16),
(3730, '44', 'CFC64200', 'Contabilidad Iii', 14),
(3731, '16', 'ECT61200', 'Desarrollo De Procesos Unitarios Ii', 13),
(3732, '126', 'ECR61800', 'Manejo De Recursos Silvícola', 13),
(3733, '122', 'ICC65100', 'Mecánica De Fluidos', 6),
(3734, '145', 'ICC65200', 'Resistencia De Materiales', 6),
(3735, '22', 'ICC65300', 'Ciencia Y Tecnología Del Hormigón I', 6),
(3736, '159', 'ICC65400', 'Termodinámica', 6),
(3737, '30', 'ICC65500', 'Desarrollo Personal I', 6),
(3738, '34', 'FIS64001', 'Física Iv', 10),
(3739, '103', 'ICC66100', 'Hidráulica Aplicada', 6),
(3740, '85', 'ICC66200', 'Estructuras I', 6),
(3741, '98', 'ICC66300', 'Geotecnia', 6),
(3742, '23', 'ICC66400', 'Ciencia Y Tecnología Del Hormigón Ii', 6),
(3743, '31', 'ICC66500', 'Desarrollo Personal Ii', 6),
(3744, '87', 'ICC67100', 'Estructuras Ii', 6),
(3745, '24', 'ICC67200', 'Circuitos Eléctricos Y Teoría De Control', 6),
(3746, '36', 'ICC67300', 'Diseño Y Construcción De Cimentaciones', 6),
(3747, '39', 'ICC67400', 'Diseño Y Construcción De Redes', 6),
(3748, '18', 'ICC67500', 'Ingeniería De Sistemas E Investigación Operat', 6),
(3749, '49', 'ICC67600', 'Edificación', 6),
(3750, '141', 'ICC68100', 'Programación Y Control De Proyectos', 6),
(3751, '44', 'ICC68200', 'Diseño Y Construcción En Maderas', 6),
(3752, '1', 'ICC68300', 'Administración De Empresas Constructoras', 6),
(3753, '42', 'ICC68400', 'Diseño Y Construcción En Hormigón Armado.', 6),
(3754, '38', 'ICC68500', 'Diseño Y Construcción De Obras Viales', 6),
(3755, '117', 'ICC68600', 'Legislación, Prevención De Riesgos Y Gestión ', 6),
(3756, '8', 'ICC69100', 'Análisis De Costos Y Formulación De Proyectos', 6),
(3757, '100', 'ICC69200', 'Instalaciones Eléctricas Y De Gas', 6),
(3758, '25', 'ICC69300', 'Construcción De Carreteras Y Puentes', 6),
(3759, '26', 'ICC69400', 'Construcción De Túneles, Obras Subterráneas E', 6),
(3760, '45', 'ICC69500', 'Diseño Y Construc. De Estruc.  Metálicas Y Ta', 6),
(3762, '91', 'ICC6X100', 'Evaluación De Proyectos De Impacto Ambiental', 6),
(3763, '60', 'EFEI0004', 'Efe: Marketing', 4);
INSERT INTO `ramos` (`ID_ramo`, `ID_ramo_depto`, `Codigo_ramo`, `Nombre_ramo`, `departamentos_ID_depto`) VALUES
(3764, '77', 'ELE42100', 'Programación De Dispositivos Electrónicos', 19),
(3765, '33', 'ICO00100', 'Economía Financiera', 13),
(3766, '182', 'ICO00200', 'Teoría De Juegos', 13),
(3767, '120', 'ICO00300', 'Macroeconomía Dinámica', 13),
(3768, '18', 'ICO00400', 'Desarrollo Económico Latinoamericano', 13),
(3769, '57', 'AAI53800', 'Efe:introducción A Los Mercados Futuros Agríc', 4),
(3770, '19', 'CAR63400', 'Cartografía Sistemática I', 2),
(3771, '14', 'EST63100', 'Estadística I', 16),
(3772, '71', 'CAR63100', 'Teoría Y Aplicación Del Color', 2),
(3773, '7', 'CAR63300', 'Bases De Datos Relacionales', 2),
(3774, '69', 'CAR63200', 'Técnicas De Reproducción', 2),
(3775, '19', 'MAT61300', 'Álgebra Lineal', 9),
(3776, '66', 'CAR64300', 'Sistemas De Diseño Asistido Por Computador', 2),
(3777, '21', 'CAR64400', 'Cartografía Sistemática Ii', 2),
(3778, '14', 'CAR64100', 'Cartografía Matemática I', 2),
(3779, '74', 'CAR64200', 'Topografía I', 2),
(3780, '17', 'EST63200', 'Estadística Ii', 16),
(3781, '67', 'CAR65400', 'Sistemas De Información Geográfica I', 2),
(3782, '4', 'CAR65700', 'Asentamientos Humanos Y Actividades Económica', 2),
(3783, '55', 'CAR65600', 'Modelos De Representación Del Terreno', 2),
(3784, '16', 'CAR65200', 'Cartografía Matemática Ii', 2),
(3785, '38', 'CAR65100', 'Fotogrametría I', 2),
(3786, '75', 'CAR65300', 'Topografía Ii', 2),
(3787, '54', 'CAR65500', 'Métodos Y Técnicas En Cartografía Temática', 2),
(3788, '68', 'CAR66400', 'Sistemas De Información Geográfica Ii', 2),
(3789, '42', 'CAR66200', 'Fotointerpretación', 2),
(3790, '17', 'CAR66300', 'Cartografía Matemática Iii', 2),
(3791, '40', 'CAR66100', 'Fotogrametría Ii', 2),
(3792, '35', 'CAR66600', 'Evaluación Del Impacto Ambiental', 2),
(3794, '58', 'CAR67200', 'Percepción Remota', 2),
(3795, '56', 'IPR31200', 'Prevención De Incendios', 5),
(3797, '52', 'CAR67500', 'Metodología De La Investigación Científica', 2),
(3798, '26', 'ECG63000', 'Economía', 2),
(3799, '41', 'CAR67100', 'Fotogrametría Iii', 2),
(3800, '3', 'CAR67400', 'Análisis Y Gestión Espacial', 2),
(3801, '23', 'CAR67300', 'Cartografía Urbana', 2),
(3802, '62', 'CAR68300', 'Procesamiento Digital De Imágenes', 2),
(3803, '36', 'CAR68500', 'Evaluación De Proyectos', 2),
(3806, '60', 'EFG71600', 'Efg: Aprendizaje Autónomo A Través De Las Mat', 9),
(3807, '61', 'EFG71700', 'Efg: Comp. Y  Solución De Prob. Para Lograr U', 9),
(3808, '73', 'EFE68200', 'Efe: Optimización Combinatoria', 18),
(3809, '34', 'EFG67400', 'Efg : Cartografía En El Contexto De Las Cienc', 2),
(3810, '80', 'EFE56400', 'Efe: Tecnología Y Producción En Polímeros', 1),
(3845, '46', 'EFE54400', 'Efe: Diseño De Iluminación Con La Luz Justa E', 1),
(3846, '55', 'EFE54500', 'Efe:  Emprendimiento Para La Innovación', 1),
(3847, '67', 'EFE54600', 'Efe: Pensamiento Digital Web 2.0', 1),
(3848, '78', 'EFE54700', 'Efe:  Tecnología Fotográfica Digital', 1),
(3855, '73', 'MECSF500', 'Termodinamica', 20),
(3856, '227', 'INDSF502', 'Ingenieria Y Medio Ambiente', 17),
(3857, '5', 'ECOSF500', 'Economia', 16),
(3858, '34', 'QUISF501', 'Fisicoqiimico', 8),
(3859, '92', 'EFE22200', 'Efe:  Ifrs', 14),
(3860, '104', 'EFE22900', 'Efe: Tecnología Informática Avanzada Para Los', 14),
(3861, '148', 'EFG31100', 'Efg: Prevención Y Proyecto De Vida', 4),
(3862, '149', 'EFG31200', 'Efg: Prevención Y Proyecto De Vida', 4),
(3863, '150', 'EFG31300', 'Efg: Prevención Y Proyecto De Vida', 4),
(3864, '151', 'EFG31400', 'Efg: Prevención Y Proyecto De Vida', 4),
(3867, '17', 'EFE31500', 'Efe:psicoprevención', 5),
(3868, '22', 'ESTSF500', 'Estadistica Y Probabilidades', 16),
(3869, '12', 'FISSF504', 'Fisica Aplicada', 10),
(3870, '63', 'INDSF501', 'Dibujo De Ingenieria', 17),
(3871, '70', 'MATSF502', 'Introduccion Al Calculo', 9),
(3872, '64', 'MATSF503', 'Geometria Analitica', 9),
(3873, '14', 'FISSF501', 'Fisica Contemporanea', 10),
(3876, '2', 'ADMSF500', 'Administracion De Empresas', 14),
(3877, '28', 'INFSF501', 'Ciencia De La Computacion', 18),
(3878, '63', 'EFE54900', 'Efe: Lenguaje Sonoro Y Postproducción De Soni', 1),
(3880, '29', 'EFE12400', 'Efe: Tecnicas De Laboratorio De Analisis Quim', 8),
(3881, '117', 'EFE66900', 'Efe: Elaboracion De Muestras Microscopicas De', 17),
(3882, '55', 'EFE12500', 'Efe: Economia Apliacada', 13),
(3886, '54', 'EFE12700', 'Efe: Economía Agroindustrial', 13),
(3889, '9', 'EFE34100', 'Efe: Arquitectura Y Modelación Estructural 3d', 7),
(3892, '15', 'EFE34400', 'Efe: Modelado Digital', 7),
(3893, '16', 'EFE34500', 'Efe: Organización Y Administración De Obras', 7),
(3894, '14', 'EFE12800', 'Efe: Mediación Y Resolución De Conflictos En ', 7),
(3898, '134', 'EFE66400', 'Efe: Tópicos Avanzados De Finanzas', 17),
(3899, '25', 'INFSF504', 'Bases De Datos', 18),
(3900, '81', 'INFSF506', 'Estructura De Datos', 18),
(3901, '89', 'INFSF502', 'Estructuras Discretas', 18),
(3902, '205', 'INFSF505', 'Tecnologias De Equipos', 18),
(3903, '140', 'INFSF508', 'Organizacion De Computadores', 18),
(3904, '131', 'INDSF505', 'Fundamentos De La Ingenieria Ambiental', 21),
(3905, '3', 'INFSF503', 'Algoritmos Y Programacion', 18),
(3906, '156', 'INDSF503', 'Fenomenos De Transporte', 17),
(3907, '290', 'INDSF504', 'Sistemas Microeconomicos', 21),
(3908, '88', 'QUISS501', 'Quimica Inorganica', 8),
(3909, '256', 'MECSF501', 'Mecanica De Fluidos', 17),
(3910, '171', 'INFSF507', 'Sistemas De Informacion', 18),
(3911, '14', 'INFSF511', 'Arquitectura De Computadores', 18),
(3912, '156', 'INFSF510', 'Proyectos Informaticos', 18),
(3913, '123', 'INFSF509', 'Lenguajes De Programacion', 18),
(3914, '193', 'INFSF512', 'Sistemas Operativos', 18),
(3915, '5', 'INFSF520', 'Analisis De Algoritmos', 18),
(3916, '94', 'QUISF502', 'Quimica Organica', 11),
(3917, '137', 'PRMSF500', 'Prevencion De Riesgos Y Seguridad', 6),
(3918, '289', 'INDSF506', 'Sistemas Macroeconomicos', 21),
(3919, '164', 'INDSF507', 'Investigacion De Operaciones I', 21),
(3920, '20', 'INDSF508', 'Balance De Masa Y Energia', 17),
(3921, '136', 'INFSF515', 'Optimizacion De Sistemas', 18),
(3922, '50', 'CYFSF501', 'Contabilidad Y Costos', 14),
(3923, '10', 'EFE34600', 'Efe: Etica Profesional', 5),
(3924, '182', 'MAT3D01', 'Matematicas I', 21),
(3925, '248', 'QUISF500', 'Quimica General', 21),
(3926, '306', 'MEC3D01', 'Tecnología Mecánica', 21),
(3927, '57', 'MEC3D02', 'Dibujo Tecnico', 21),
(3928, '160', 'HCE3D01', 'Inglés Técnico', 21),
(3929, '303', 'HCE3D02', 'Técnicas De La Comunicación Oral Y Escrita', 21),
(3931, '215', 'PRPSF901', 'Practica Profesional', 21),
(3932, '124', 'EFE77600', 'Efe: Innovación Y Emprendimiento En Los Negoc', 17),
(3934, '36', 'INFSF522', 'Comunicacion De Datos', 21),
(3935, '288', 'INFSF523', 'Sistemas Informaticos Estrategicos', 21),
(3936, '43', 'INFSF524', 'Computacion Paralela', 18),
(3937, '151', 'INFSF525', 'Programacion Avanzada', 18),
(3938, '26', 'INFSF526', 'Bases De Datos Avanzadas', 18),
(3939, '170', 'INFSF527', 'Sisemas Distribuidos', 18),
(3940, '27', 'INFSF528', 'Calidad En Software', 18),
(3941, '165', 'INFSF529', 'Seguridad Informatica', 18),
(3942, '102', 'INFSF530', 'Gestion De Redes', 18),
(3943, '54', 'INFSF531', 'Desempeño De Sistemas Computacionales', 18),
(3944, '108', 'INFSF532', 'Gestion Informatica', 18),
(3945, '119', 'INFSF534', 'Inteligencia Artificial', 18),
(3946, '139', 'INFSF535', 'Optimizacion Informatica', 18),
(3947, '134', 'INFSF536', 'Mineria De Datos', 18),
(3948, '127', 'INFSF533', 'Logica Difusa', 18),
(3949, '187', 'INFSF537', 'Sistemas Integrados De Informacion', 18),
(3950, '85', 'INFSF538', 'Estructuras De Datos Avanzadas', 18),
(3951, '74', 'EFE55300', 'Efe: Render 3d Fotorrealista', 1),
(3953, '22', 'EFE55500', 'Efe: Teoría Y Método De La Planif. Urbana Y R', 7),
(3954, '18', 'EFE55600', 'Efe: Planes De Emergencia', 7),
(3956, '118', 'EFG23000', 'Efg:  Gestión Y Liderazgo De La Comunicación ', 4),
(3957, '64', 'BTA63000', 'Introduccion A La Ingenieria En Biotecnologia', 11),
(3958, '27', 'MAT61400', 'Calculo I', 11),
(3959, '1', 'MAT67400', 'Algebra', 11),
(3960, '93', 'QUI61700', 'Quimica General', 11),
(3961, '56', 'HIE60500', 'Ingles Tecnico I', 11),
(3962, '12', 'BTA60000', 'Biologia General', 11),
(3963, '29', 'MAT61500', 'Calculo Ii', 11),
(3964, '43', 'FIS61300', 'Fisica I', 11),
(3965, '95', 'QUI61800', 'Quimica Organica I', 11),
(3966, '58', 'HIE60600', 'Ingles Tecnico Ii', 11),
(3967, '21', 'BTA64600', 'Bioquimica General', 11),
(3968, '102', 'BTA61300', 'Taller De Bioquimica', 11),
(3969, '38', 'MAT63100', 'Ecuaciones Diferenciales', 11),
(3970, '44', 'FIS61400', 'Fisica Ii', 11),
(3971, '96', 'QUI61900', 'Quimica Organica Ii', 11),
(3972, '45', 'QUI65000', 'Fisico Quimica', 11),
(3973, '8', 'BTA63900', 'Biologia Celular', 11),
(3974, '31', 'INF62500', 'Ciencia De La Computacion', 11),
(3975, '70', 'MAT64100', 'Metodos Numericos', 11),
(3976, '92', 'QUI62000', 'Quimica Analitica', 11),
(3977, '74', 'BTA62100', 'Microbiologia E Inmunologia', 11),
(3978, '13', 'BTA60200', 'Biologia Molecular', 11),
(3979, '101', 'BTA60600', 'Taller De Biologia Molecular Y  Genetica', 11),
(3980, '107', 'QUI63800', 'Termodinamica', 11),
(3981, '84', 'BTA64000', 'Operaciones Unitarias I', 11),
(3982, '81', 'BTA62300', 'Migrobiologia Aplicada', 11),
(3983, '88', 'BTA63800', 'Probabilidad Y Aplicaciones Estadisticas', 11),
(3984, '36', 'BTA60700', 'Ecologia Y Evolucion', 11),
(3985, '37', 'ECO60100', 'Economia', 11),
(4000, '8', 'MAT60900', 'Algebra E Introduccion Al Calculo', 21),
(4001, '159', 'CDC60100', 'Ingenieria Y Desarrollo Sustentable', 21),
(4002, '56', 'CDC60000', 'Dibujo De Ingenieria', 21),
(4003, '162', 'CDC60200', 'Introduccion A La Ingenieria', 21),
(4004, '21', 'MAT601OC', 'Calculo', 21),
(4005, '123', 'FIS60500', 'Fisica I', 21),
(4006, '23', 'CDC60300', 'Ciencia De Los Materiales', 21),
(4007, '27', 'CDC60400', 'Ciencias De La Ingenieria', 21),
(4008, '67', 'MAT631OC', 'Ecuaciones Diferenciales', 21),
(4009, '124', 'FIS60600', 'Fisica Ii', 21),
(4010, '187', 'CDC60500', 'Mecanica De Fluidos', 21),
(4011, '136', 'CDC60600', 'Geoinformacion', 21),
(4012, '193', 'MAT640OC', 'Metodos Numericos', 21),
(4013, '201', 'CDC60700', 'Modelos Aplicados A La Ingenieria', 21),
(4014, '312', 'CDC61200', 'Termodinamica', 21),
(4015, '255', 'CDC60800', 'Resistencia De Los Materiales', 21),
(4017, '150', 'CDC60900', 'Hidraulica General', 21),
(4018, '154', 'CDC61000', 'Ingenieria De Sistema E Investigacion Operati', 21),
(4019, '115', 'CDC61100', 'Estructura I', 21),
(4021, '137', 'CDC61300', 'Geologia Y Geotecnia', 21),
(4022, '183', 'MAT3D02', 'Matemáticas Ii', 21),
(4023, '121', 'FIS3D01', 'Física', 21),
(4024, '232', 'MEC3D03', 'Procesos Mecánicos I', 21),
(4025, '305', 'MEC3D04', 'Tecnología De Los Materiales', 21),
(4026, '2', 'ADM3D01', 'Administración De Empresas', 21),
(4027, '34', 'INF3D01', 'Computación', 21),
(4028, '230', 'MEC3D05', 'Procesos Industriales', 21),
(4029, '233', 'MEC3D06', 'Procesos Mecánicos Ii', 21),
(4030, '114', 'MEC3D07', 'Estática', 21),
(4031, '153', 'MEC3D08', 'Ingeniería De Pérdida', 21),
(4032, '104', 'ELE3D01', 'Electrotecnia', 21),
(4033, '30', 'MEC3D09', 'Circuitos Neumáticos E Hidráulicos', 21),
(4034, '257', 'MEC3D10', 'Resistencia De Materiales', 21),
(4035, '313', 'MEC3D11', 'Termofluidos', 21),
(4036, '40', 'MEC3D12', 'Control De Calidad', 21),
(4037, '1', 'ADM3D02', 'Adinsitración De Recursos Humanos', 21),
(4038, '177', 'MEC3D13', 'Máquinas Térmicas', 21),
(4039, '176', 'MEC3D14', 'Máquinas Hidráulicas', 21),
(4040, '284', 'MEC3D15', 'Sistemas De Transmisión', 21),
(4041, '204', 'MEC3D16', 'Motores De Combustion Interna', 21),
(4042, '283', 'MEC3D17', 'Sistemas De Inyección', 21),
(4044, '158', 'INFSF513', 'Ingenieria En Software', 21),
(4045, '8', 'INFSF516', 'Auditoria De Sistemas', 15),
(4046, '87', 'INFSF517', 'Teoria De Automatas', 15),
(4047, '51', 'INFSF518', 'Gestion De Tecnologias De Informacion', 15),
(4048, '78', 'INFSF519', 'Simulacion De Sistemas', 15),
(4049, '310', 'QUISF503', 'Quimica Analitica', 17),
(4050, '221', 'ECOSF501', 'Ingenieria Economica', 17),
(4051, '1', 'ADMSF501', 'Administracion De La Produccion', 16),
(4052, '299', 'BTASF500', 'Procesos Biologicos', 17),
(4053, '150', 'EDPSF500', 'Evaluacion De Proyectos', 17),
(4054, '72', 'INDSF509', 'Logistica Integral', 9),
(4055, '78', 'EFE12900', 'Efe:  Principios De Contaminación', 13),
(4056, '59', 'EFE13000', 'Efe: Economía Y Ambiente', 13),
(4057, '52', 'EFE55000', 'Efe:  Diseño Y Multivideo 3d', 1),
(4058, '53', 'EFE55100', 'Efe:  Edición De Video Y Post-producción De S', 1),
(4062, '70', 'EFE67100', 'Efe: Kdd (knowlwdge Discovery In Databeses)', 18),
(4063, '23', 'EFG21000', 'Efg: Fotografía General Básica', 7),
(4064, '21', 'EFE23000', 'Efe: Entomología Aplicada', 8),
(4065, '73', 'EFE13100', 'Efe: Investigación De Especialidad', 13),
(4067, '49', 'EFE13300', 'Efe: Comunicación, Emprendimiento Y Desarroll', 13),
(4068, '64', 'EFE12600', 'Efe: Gestión De La Inf. En Com. Ext. Para La ', 13),
(4070, '14', 'EFE34700', 'Efe: Prevención De Incendios En Instalaciones', 5),
(4071, '13', 'EFE34800', 'Efe: Planes De Emergencia', 5),
(4073, '64', 'EFE77200', 'Efe: Gestión Informática Empresarial', 18),
(4074, '69', 'EFE77300', 'Efe: Introducción A Los Procesos Agroindustri', 18),
(4075, '66', 'EFE77400', 'Efe:  Informática Agroindustrial', 18),
(4076, '60', 'INDSF510', 'Producción Vitivinicola Y Hortofruticola', 5),
(4077, '29', 'INDSF511', 'Gestion Medio Ambiental', 5),
(4078, '173', 'PRPSF900', 'Taller De Especialidad 1', 13),
(4079, '174', 'TTISF900', 'Taller De Especialidad 2', 13),
(4080, '159', 'INFSF514', 'Redes De Computadores', 18),
(4081, '176', 'INFSF521', 'Taller De Sistema De Información', 13),
(4083, '22', 'EFE92200', 'Efe: Formación Ambiental', 8),
(4085, '12', 'MATSF508', 'Algebra Avanzada', 9),
(4086, '28', 'MATSF509', 'Calculo Avanzado', 9),
(4087, '13', 'FISSF505', 'Fisica Avanzada', 10),
(4088, '156', 'INDSF512', 'Ingenieria De Sistemas', 21),
(4089, '131', 'ESTSF501', 'Metodos Multivariados', 18),
(4090, '324', 'INDSF513', 'Transferncia De Masa', 21),
(4091, '14', 'BTASF501', 'Biologia Vegetal', 11),
(4092, '114', 'CYFSF002', 'Finanzas', 14),
(4093, '103', 'INDSF514', 'Tecnicas Y Procesos De Conservacion', 11),
(4094, '17', 'INDSF515', 'Bioquimica Agroindustrial', 11),
(4095, '163', 'INDSF516', 'Investigacion De Operaciones 2', 21),
(4096, '157', 'INDSF517', 'Ingenieria En Bioprocesos', 21),
(4097, '195', 'INDSF518', 'Microbiologia Agroindustrial', 21),
(4098, '226', 'INDSF519', 'Procesos Agroindustriales 1', 21),
(4099, '61', 'ECOSF502', 'Economia Agraria', 21),
(4100, '320', 'TTISF901', 'Trabajo De Titulo 1', 21),
(4101, '227', 'INDSF521', 'Procesos Agroindustriales 2', 21),
(4102, '58', 'ADMSF502', 'Direccion Empresarial', 21),
(4103, '228', 'INDSF522', 'Procesos Agroindustriales 3', 21),
(4104, '26', 'INDSF520', 'Biotecnologia Agroindustrial', 11),
(4105, '31', 'COMSF500', 'Comercio Internacional', 21),
(4106, '25', 'INDSF523', 'Evaluacion De Impacto Ambiental', 5),
(4107, '321', 'TTISF902', 'Trabajo De Titulo 2', 21),
(4118, '153', 'IND8D010', 'Evaluación De Proyectos Industriales', 17),
(4119, '98', 'IND8D020', 'Diseño De Plantas Industriales', 17),
(4120, '203', 'IND8D030', 'Gestión De Marketing Industrial', 17),
(4121, '323', 'IND8D040', 'Simulación Estratégica', 17),
(4122, '54', 'IND8D050', 'Desarrollo Económico', 17),
(4123, '275', 'IND8D060', 'Pólitica Económica', 17),
(4124, '94', 'IND8D070', 'Dirección Estratégica  Liderazgo', 17),
(4125, '11', 'IND8D080', 'Análisis Financiero', 17),
(4126, '195', 'IND8D090', 'Gestión Ambiental', 17),
(4127, '259', 'IND8D100', 'Metodología De La Investigación', 17),
(4128, '332', 'IND8D110', 'Sistemas De Simulación Macroeconómica', 17),
(4129, '334', 'IND8D120', 'Sistemas Económico Financiero', 17),
(4130, '246', 'IND8D130', 'La Propiedad Común', 17),
(4131, '206', 'IND8D140', 'Gestión Econoómica De La Tierra', 17),
(4132, '201', 'IND8D150', 'Gestión De La Innovación Y Patentes Tecnológi', 17),
(4133, '47', 'IND8D160', 'Control De Gestión Empresarial', 17),
(4134, '194', 'IND8D170', 'Geopolitíca Económica', 17),
(4135, '307', 'TTG63000', 'Proyecto De Tesis', 17),
(4147, '206', 'HIE61100', 'Ingles', 4),
(4148, '69', 'EFE65900', 'Efe: Tic Aplicadas', 4),
(4149, '164', 'EFG20300', 'Efg: Técnica De La Comunicación Oral Y Escrit', 4),
(4151, '49', 'EFE54000', 'Efe: Diseño De Productos Para El Siglo Xxi', 1),
(4152, '65', 'EFE22400', 'Efe:  Gestión De Problemáticas Ambientales', 13),
(4153, '177', 'ECC61700', 'Taller Integral De Comercio Exterior', 13),
(4154, '32', 'MAT61C01', 'Cálculo En Una Variable', 9),
(4156, '40', 'ARQ60100', 'Proyecto De Titulo', 7),
(4157, '299', 'HUM02100', 'Recursos De La Publicidad', 4),
(4158, '82', 'FHC20000', 'Efg:  Fotografía', 1),
(4159, '20', 'ICC61100', 'Ciencias Químicas Y Del Medio Ambiente', 6),
(4160, '113', 'ICC61200', 'Intr. A La Ing. En Construcción Y Ciencia De ', 6),
(4161, '35', 'ICC61300', 'Dibujo Gráfico Computacional', 6),
(4162, '56', 'MAT63C01', 'Ecuaciones Diferenciales', 9),
(4163, '19', 'ICC63100', 'Ciencias De La Ingeniería En Construcción', 6),
(4164, '33', 'MAT62C01', 'Calculo En Varias Variables', 9),
(4165, '322', 'HUM20200', 'Técnicas De La Comunicación Oral Y Escrita', 4),
(4166, '112', 'MAT64C01', 'Métodos Numéricos', 9),
(4167, '46', 'ICC64100', 'Economía Y Contabilidad', 6),
(4168, '95', 'ICC64200', 'Geoinformación', 6),
(4169, '35', 'EST65000', 'Probabilidad Y Estadística', 16),
(4170, '64', 'EFE03500', 'Efe: Gestión De Calidad', 12),
(4171, '70', 'EFE10500', 'Efe: International Trade', 13),
(4172, '68', 'EFE10600', 'Efe: Ingeniería Económica', 13),
(4173, '85', 'EFG06900', 'Efg: Geografía Cultural Y Turismo', 13),
(4174, '45', 'EFE53700', 'Efe: Diseño De Fuentes Digitales', 1),
(4175, '62', 'EFE53800', 'Efe: Multimedia Interactiva Aplicada A Aventu', 4),
(4176, '113', 'EFE65800', 'Efe: Composite Wood Board', 17),
(4177, '111', 'ERSFT01', 'Ergonomia', 21),
(4178, '151', 'HISFT001', 'Higiene Industrial', 21),
(4179, '7', 'EFE32700', 'Efe: Contaminación De Aguas', 5),
(4180, '8', 'EFE32800', 'Efe: Ergonomía: Ingeniería De Factores Humano', 5),
(4181, '36', 'EFG90200', 'Efg: Instrumentos De Fomento Productivo', 15),
(4183, '93', 'EFE22300', 'Efe: Ifrs Análisis De Instrumentos Financiero', 14),
(4184, '120', 'EFE70100', 'Efe: Evaluación De Proyectos', 17),
(4185, '20', 'FISSF502', 'Física Mecánica', 20),
(4186, '30', 'MATSF504', 'Calculo En Una Variable', 9),
(4187, '23', 'MATSF505', 'Álgebra Matricial', 9),
(4188, '69', 'INDSF500', 'Introducción A La Ingeniería', 9),
(4189, '35', 'MATSF506', 'Cálculo En Varias Variables', 9),
(4190, '116', 'QUISF800', 'Química General', 9),
(4191, '57', 'MATSF507', 'Ecuaciones Diferenciales', 9),
(4192, '259', 'RIESFT01', 'Riesgos Físicos, Eléctricos Y Radiaciones', 21),
(4193, '224', 'PRASFT01', 'Primeros Auxilios Y Manejo Del Trauma', 21),
(4194, '261', 'REISFT01', 'Ruidos E Iluminacion', 21),
(4195, '229', 'PRISFT01', 'Procesos En Riesgos Industriales', 21),
(4196, '83', 'EFG20400', 'Efg: Fotografía Ii', 1),
(4197, '3', 'EFG90100', 'Efg: Cambio Climatico', 10),
(4198, '24', 'EFE10700', 'Efe: Creatividad: Estudio Y Práctica', 15),
(4199, '5', 'EFG65900', 'Efg: Introducción A La Física Aplicada', 10),
(4200, '2', 'EFG66000', 'Efg: Aplicaciones Industriales De Laser', 10),
(4201, '4', 'EFG66100', 'Efg: Estratégias Para Resolver Problemas De F', 10),
(4202, '12', 'EFE33000', 'Efe: Modelamiento Y Simulación De Procesos Am', 5),
(4203, '122', 'EFE66000', 'Efe: Implem. Y Auditoría De Sist. De Gest. De', 17),
(4205, '93', 'EFG66300', 'Efg: Cultura Y Literatura Brasileña', 4),
(4207, '74', 'EFG20500', 'Efg: Caracteristicas Y Desafios De La Globali', 4),
(4208, '58', 'EFE10800', 'Efe: Autogestión De La Vida Profesional Y La ', 12),
(4209, '72', 'EFE10900', 'Efe: Las Personas En La Organización Y La Cif', 12),
(4210, '82', 'EFG07100', 'Efg: Certificación De La Calidad De Las Empre', 12),
(4212, '80', 'EFE54100', 'Efe: Taller De Pensamiento Creativo', 12),
(4214, '26', 'EFE11000', 'Efe: El Libro: Su Historia Y Materialidad', 15),
(4215, '22', 'EFE11100', 'Efe: Arquitectura De Información', 15),
(4218, '168', 'EFG66600', 'Efg : Violencia Y Delincuencia Juvenil', 4),
(4222, '13', 'EFE33100', 'Efe: Iluminación', 7),
(4223, '172', 'COD5D010', 'Legislacion De Seguridad Y Vig.privada', 21),
(4224, '5', 'COD5D020', 'Administracion General', 21),
(4225, '180', 'COD5D030', 'Matematica I', 21),
(4226, '301', 'COD5D040', 'Tecnicas De La Com. Oral Y Escrita I', 21),
(4227, '105', 'COD5D050', 'Elementos De Economia', 21),
(4228, '3', 'COD5D060', 'Administracion Empresarial', 21),
(4229, '181', 'COD5D070', 'Matematica Ii', 21),
(4230, '302', 'COD5D080', 'Tecnicas De La Com. Oral Y Escrita Ii', 21),
(4231, '240', 'COD5D090', 'Ingles Tecnico I', 4),
(4232, '106', 'COD5D100', 'Elementos De Electricidad Y Electronica I', 21),
(4233, '14', 'COD5D110', 'Analisis Financiero I', 21),
(4234, '184', 'COD5D120', 'Matematicas Iii', 21),
(4235, '299', 'COD5D130', 'Tecnicas De Blindaje I', 21),
(4236, '243', 'COD5D140', 'Ingles Tecnico Ii', 4),
(4237, '107', 'COD5D150', 'Elementos De Electricidad Y Electronica Ii', 21),
(4238, '13', 'COD5D160', 'Analisis Finaciero Ii', 21),
(4239, '185', 'COD5D170', 'Matematicas Iv', 21),
(4240, '300', 'COD5D180', 'Tecnicas De Blindaje Ii', 21),
(4241, '278', 'COD5D190', 'Sistema De Comunicacion Y Enlace I', 21),
(4242, '178', 'COD5D200', 'Marketing', 21),
(4243, '112', 'COD5D210', 'Estadistica', 21),
(4244, '53', 'COD5D220', 'Derechos Humanos', 21),
(4245, '279', 'COD5D230', 'Sistema De Comunicacion Y Enlace Ii', 21),
(4246, '236', 'COD5D240', 'Proteccion De Instalaciones I', 21),
(4247, '16', 'COD5D250', 'Aplicaciones Computacionales I', 21),
(4248, '262', 'COD5D260', 'Seguridad De La Informacion I', 21),
(4249, '277', 'COD5D270', 'Sistema De Alarma Y Control I', 21),
(4250, '237', 'COD5D280', 'Proteccion De Instalaciones Ii', 21),
(4251, '17', 'COD5D290', 'Aplicaciones Computacionales Ii', 21),
(4252, '220', 'COD5D300', 'Prevencion Y Control De Emergencias I', 21),
(4253, '281', 'COD5D310', 'Sistemas De Alarma Y Control Ii', 21),
(4254, '11', 'COD5D320', 'Analisis De Riesgos Y Diseño De Soluciones I', 21),
(4255, '245', 'COD5D330', 'Proyectos  De Seguridad I', 21),
(4256, '221', 'COD5D340', 'Prevencion Y Control De Emergencias Ii', 21),
(4257, '238', 'COD5D350', 'Proteccion De Instalaciones Iii', 21),
(4258, '263', 'COD5D380', 'Seguridad De La Informacion Ii', 21),
(4259, '12', 'COD5D360', 'Analisis De Riesgos Y Diseño De Soluciones Ii', 21),
(4260, '246', 'COD5D370', 'Proyectos De Seguridad Ii', 21),
(4261, '239', 'COD5D390', 'Proteccion De Instalaciones Iv', 21),
(4262, '50', 'COD5D400', 'Derecho Laboral', 21),
(4265, '46', 'COD5D421', 'Derecho De Seguridad Y Vigilancia Privada I', 21),
(4266, '271', 'COD5D430', 'Seguridad Integral I', 21),
(4267, '222', 'COD5D450', 'Prevencion Y Control De Emergencias Iii', 21),
(4268, '243', 'COD5D441', 'Proyectos De Ingenieria En Seguridad I', 21),
(4269, '113', 'COD5D460', 'Estadistica Aplicada', 21),
(4270, '47', 'COD5D470', 'Derecho De Seguridad Y Vigilancia Privada Ii', 21),
(4271, '272', 'COD5D548', 'Seguridad Integral Ii', 21),
(4272, '223', 'COD5D500', 'Prevencion Y Control De Emergencias Iv', 21),
(4273, '244', 'COD5D490', 'Proyectos De Ingenieria En Seguridad Ii', 21),
(4274, '15', 'COD5D510', 'Analisis Financiero Iii', 21),
(4275, '48', 'COD5D521', 'Derecho De Seguridad Y Vigilancia Privada Iii', 21),
(4276, '51', 'COD5D530', 'Derecho Penal Y Procesal Penal I', 21),
(4277, '63', 'COD5D540', 'Economia Aplicada I', 21),
(4278, '210', 'COD5D550', 'Politicas En Seguridad Publica Y Privada I', 21),
(4279, '307', 'COD5D560', 'Tecnologias Concurrentes I', 21),
(4280, '142', 'COD5D620', 'Gestion De Inteligencia Empresarial I', 21),
(4281, '240', 'COD5D631', 'Proteccion De Personas I', 21),
(4282, '264', 'COD5D640', 'Seguridad En El Transporte De Sustancias Peli', 21),
(4283, '265', 'COD5D630', 'Seguridad En La  Mineria Puertos Y  Aereopuer', 21),
(4284, '143', 'COD5D660', 'Gestion De Inteligencia Empresarial Ii', 21),
(4285, '241', 'COD5D670', 'Proteccion De Personas Ii', 21),
(4286, '267', 'COD5D680', 'Seguridad En Transporte De Sustancias Peligro', 21),
(4287, '266', 'COD5D691', 'Seguridad  En La  Mineria, Puertos Y Aereopue', 21),
(4289, '208', 'COD5D700', 'Organizaciones Criminales I', 21),
(4290, '268', 'COD5D710', 'Seguridad En Transporte De Valores I', 21),
(4291, '139', 'COD5D720', 'Gestion De Capital Humano I', 21),
(4293, '315', 'TTI5FA0', 'Trabajo De Titulacion', 21),
(4294, '246', 'COD5D731', 'Ingles Tecnico Iii', 4),
(4295, '209', 'COD5D741', 'Organizaciones Criminales Ii', 21),
(4296, '269', 'COD5D750', 'Seguridad En Transporte De Valores Ii', 21),
(4297, '140', 'COD5D760', 'Gestion De Capital Humano Ii', 21),
(4299, '248', 'COD5D770', 'Ingles Tecnico Iv', 4),
(4300, '102', 'FISSF503', 'Electromagnetismo', 21),
(4301, '309', 'INFSF500', 'Tecnologias De La Información', 21),
(4307, '19', 'EFG22200', 'Efg: Educación Ambiental', 5),
(4308, '81', 'EFE11200', 'Efe: Responsabilidad Social Empresarial', 13),
(4316, '83', 'EFG70000', 'Efg: Comunicación Emocional', 4),
(4318, '89', 'EFG22300', 'Efg: Crisis De La Modernidad Y Pensamiento Po', 4),
(4319, '48', 'EFE22500', 'Efe: Clínica De Microempresas', 13),
(4320, '47', 'EFE70200', 'Efe: Control De Gestión', 4),
(4324, '135', 'EFG70200', 'Efg: Las Bases Del Coaching Personal Y Organi', 4),
(4325, '72', 'EFG70300', 'Efg: Allende En La Historia', 4),
(4326, '194', 'INF62660', 'Metodos Orientados A Objetos', 21),
(4327, '45', 'COD5D411', 'Derecho Constitucional', 21),
(4328, '49', 'COD5D570', 'Derecho De Seguridad Y Vigilancia Privada Iv', 21),
(4329, '52', 'COD5D580', 'Derecho Penal Y Procesal Penal Ii', 21),
(4330, '64', 'COD5D590', 'Economia Aplicada Ii', 21),
(4331, '211', 'COD5D600', 'Politicas En Seguridad Pública Y Privada Ii', 21),
(4332, '308', 'COD5D610', 'Tecnologías Concurrentes Ii', 21),
(4333, '167', 'EFG70500', 'Efg: Universidad, Ecología Y Desarrollo Soste', 4),
(4334, '214', 'PRP5FA00', 'Practica Profesional', 21),
(4335, '81', 'EFG08900', 'Efg: Autogestión De La Vida Profesional Y La ', 12),
(4338, '19', 'EFE33300', 'Efe: Reparación De Daños Por Sismo En Viviend', 7),
(4339, '12', 'EFE33400', 'Efe: Ergonomía Aplicada Al Diseño Arquitectón', 7),
(4344, '21', 'EFE33500', 'Efe: Sistema De Certificación Ambiental Suste', 7),
(4346, '94', 'EFE11800', 'Efe: Ifrs Propiedades, Plantas Y Equipos', 14),
(4347, '43', 'EFE54200', 'Efe: Diseño Colaborativo Y Distribuido Desig ', 1),
(4349, '40', 'EFE54300', 'Efe:  Construcción De Estructuras Efímeras', 1),
(4351, '120', 'INFB8010', 'Introducción A La Ingeniería En Computación', 18),
(4353, '4', 'INFB8021', 'Algoritmos Y Programación', 18),
(4409, '30', 'DIN10001', 'Diseño Industrial', 1),
(4410, '33', 'DIN20001', 'Diseño Industrial Ii', 1),
(4411, '99', 'DIN22001', 'Expresion Ii', 1),
(4412, '239', 'ING31310', 'Inglés Técnico', 4),
(4413, '129', 'DIN23001', 'Matrices Y Modelos Cad Cam', 1),
(4420, '30', 'EFE56800', 'Efe: Eval. Multi Criterio Para La Gestión Del', 2),
(4421, '132', 'EPP82000', 'Fundamentos Del Pensamiento Poliitico', 21),
(4422, '109', 'EPP81000', 'Epistemología De La Ciencia Política', 21),
(4423, '138', 'EPP84000', 'Geopolitica', 21),
(4424, '189', 'EPP81500', 'Metodología Cientifica A La Ciencia Politica', 21),
(4425, '24', 'EPP81100', 'Ciencia Politica I', 21),
(4426, '212', 'EPP83400', 'Politicas Públicas', 21),
(4427, '311', 'EPP82100', 'Teoria Politica', 21),
(4429, '25', 'EPP81200', 'Ciencia Politica Ii', 21),
(4430, '65', 'EPP84201', 'Economía Política', 21),
(4431, '253', 'EPP82400', 'Relaciones Internacionales', 21),
(4433, '26', 'EPP81300', 'Ciencia Polìtica Iii', 21),
(4434, '273', 'EPP89900', 'Seminario De Tesis', 21),
(4441, '131', 'EFE77800', 'Efe:  Sap Y Aplicaciones Logísticas', 17),
(4448, '39', 'EFG90400', 'Efg: Toxicología', 11),
(4449, '61', 'EFE23700', 'Efe:  Flora Y Fauna Nativa', 13),
(4451, '117', 'MATC8010', 'Taller De Matematicas', 9),
(4452, '44', 'ELEB8010', 'Introducción A La Ingeniería', 19),
(4453, '80', 'QUIC8010', 'Química General', 8),
(4454, '314', 'PPSB0002', 'Taller Para El Desarrollo Del Pensamiento Log', 4),
(4455, '65', 'INDB8011', 'Dibujo De Ingeniería', 17),
(4457, '29', 'MATC8021', 'Calculo Diferencial', 9),
(4458, '14', 'MATC8020', 'Algebra Clasica', 9),
(4459, '311', 'PPSB0001', 'Taller De Comunicación Efectiva', 4),
(4460, '39', 'INFB8020', 'Computación Aplicada', 18),
(4461, '310', 'PPSB0004', 'Taller De Ciencia Y Tecnologìa', 4),
(4462, '217', 'HUMC8020', 'Inglès I', 4),
(4476, '77', 'EFE07800', 'Efe: Olivicultura  Y Sus Posibilidades De Mer', 13),
(4477, '10', 'CDC61400', 'Analisis De Costos', 21),
(4478, '116', 'CDC62700', 'Estructuras Ii', 21),
(4489, '42', 'EFE55700', 'Efe: Desarrollo De Sitios Web Con Css En Drea', 1),
(4490, '64', 'EFE55800', 'Efe: Motion Graphics', 1),
(4491, '68', 'EFE55900', 'Efe: Producción De Infografías Animadas', 1),
(4499, '76', 'EFE23200', 'Efe: Marketing Personal', 12),
(4501, '24', 'EFG23100', 'Efg: Metodologias De Participacion Ciudadana', 7),
(4502, '20', 'EFE34900', 'Efe: Reutilizacion Integral Del Patrim. Edif', 7),
(4503, '89', 'EFG01300', 'Efg: Sist. De Inf. Geograf. Aplic. A La Gest.', 13),
(4506, '119', 'EFE67700', 'Efe: Energias Renov. No Conv. Y Su Eval. De F', 17),
(4509, '112', 'EFE68000', 'Efe: Calidad Y Herramientas De Planificacion ', 17),
(4511, '114', 'EFG22800', 'Efg: Fotografía Aplicada A La Disciplina Arqu', 4),
(4512, '62', 'EFE68100', 'Efe: Gestión De Infraestructura De Ti (itil)', 18),
(4513, '63', 'EFE13400', 'Efe: Gestión De Calidad En La Agroindustria', 13),
(4514, '60', 'EFE13500', 'Efe: Evaluación Y Formulación Aplicada De Pro', 13),
(4515, '28', 'EFE92300', 'Efe: Química, Física Y Toxicología Forense', 8),
(4516, '87', 'EFE23500', 'Efe: El Auditor Frente A La Solución De Confl', 14),
(4517, '44', 'EFE56500', 'Efe: Diseño De Espacios Exteriores', 1),
(4518, '48', 'EFE56600', 'Efe: Dibujo Digital', 4),
(4519, '83', 'QUIB4011', 'Quimica General I', 8),
(4520, '115', 'MATB4011', 'Pre Cálculo', 9),
(4521, '1', 'MATB4012', 'Algebra', 9),
(4522, '50', 'QUIB4012', 'Introducción De La Industria Química', 8),
(4523, '85', 'QUIB4020', 'Quimica General Ii', 8),
(4524, '25', 'MATB4021', 'Cáculo I', 9),
(4525, '54', 'FISB4020', 'Mecánica Clásica', 10),
(4526, '10', 'ESTC4020', 'Estadística', 16),
(4553, '21', 'EFE23800', 'Efe: Arquitectura Bibliotecaria', 15),
(4554, '71', 'EFE35100', 'Efe: Química De Materiales', 6),
(4595, '237', 'INDB8010', 'Introducción A La Ingenieria Industrial', 17),
(4596, '38', 'INFB8011', 'Computación Aplicada', 18),
(4643, '114', 'MATB4010', 'Precálculo', 9),
(4659, '67', 'QUIB4010', 'Quiímica General', 8),
(4660, '10', 'BTAB4010', 'Biología Celular Y Molecular', 11),
(4661, '62', 'BTAB4011', 'Introducción A La Ingeniería De Alimentos', 11),
(4662, '2', 'MATB4020', 'Algebra', 9),
(4663, '69', 'QUIB4021', 'Quimica Analitica', 8),
(4664, '93', 'QUIB4022', 'Quimica Orgánica', 8),
(4665, '71', 'BTAB4020', 'Microbiolgía General', 11),
(4700, '13', 'MATB0010', 'Algebra Básica', 9),
(4701, '176', 'CYFB0010', 'Tecnología De La Información', 14),
(4702, '103', 'GORB0010', 'Gestión I', 12),
(4703, '35', 'CYFB0011', 'Contabilidad I', 14),
(4704, '100', 'MATB0020', 'Matemáticas I', 9),
(4706, '104', 'GORB0020', 'Gestión Ii', 12),
(4707, '41', 'CYFB0020', 'Contabilidad Ii', 14),
(4708, '312', 'PPSB0003', 'Taller De Comunicación Efectiva Ii', 4),
(4709, '214', 'HUM1001', 'Inglés I', 4),
(4736, '84', 'EFG05900', 'Efg: Gestión Del Turismo Parapatrimonial', 12),
(4786, '28', 'MAT61400', 'Cálculo I', 11),
(4787, '2', 'MAT67400', 'Álgebra', 11),
(4789, '57', 'HIE60500', 'Inglés Técnico I', 11),
(4791, '9', 'MAT60900', 'Álgebra E Introducción Al Cálculo', 21),
(4795, '8', 'MATB4012', 'Álgebra', 9),
(4796, '68', 'EFD70700', 'Efd: Acondicionamiento Físico', 21),
(4797, '60', 'EFE68500', 'Efe: Computación Móvil', 18),
(4798, '69', 'EFE24000', 'Efe: Innovación Y Comercio Int. Los Adpic: Pr', 13),
(4800, '47', 'EFE56900', 'Efe: Diseño De Interacción', 1),
(4801, '28', 'EFE24100', 'Efe: Gestión De Archivos', 15),
(4803, '66', 'INDC8020', 'Dibujo De Ingeniería', 17),
(4805, '78', 'EFG71900', 'Efg: Robótica', 18),
(4807, '98', 'EFEEX100', 'Electivo I', 21),
(4808, '99', 'EFEEX200', 'Electivo Ii', 21),
(4809, '100', 'EFEEX300', 'Electivo Iii', 21),
(63645, '67', 'CFD61600', 'Derecho Iii', 14);

-- --------------------------------------------------------

--
-- Estructura de tabla para la tabla `ramos_PDF`
--

CREATE TABLE `ramos_PDF` (
  `ID_ramos_PDF` int(11) NOT NULL AUTO_INCREMENT,
  `ID_ramo` int(11) NOT NULL,
  `Cantidad_secciones` int(11) NOT NULL,
  `PDF_id_PDF` int(11) NOT NULL,
  PRIMARY KEY (`ID_ramos_PDF`,`PDF_id_PDF`),
  KEY `fk_Ramos_PDF_PDF_idx` (`PDF_id_PDF`)
) ENGINE=InnoDB  DEFAULT CHARSET=utf8 COLLATE=utf8_unicode_ci AUTO_INCREMENT=42 ;

--
-- Volcado de datos para la tabla `ramos_PDF`
--

INSERT INTO `ramos_PDF` (`ID_ramos_PDF`, `ID_ramo`, `Cantidad_secciones`, `PDF_id_PDF`) VALUES
(4, 3, 1, 4),
(5, 12, 1, 5),
(6, 12, 1, 6),
(7, 12, 1, 7),
(8, 12, 1, 8),
(9, 8, 1, 9),
(10, 3, 1, 10),
(11, 8, 1, 11),
(12, 8, 1, 12),
(13, 8, 1, 13),
(14, 8, 1, 14),
(15, 8, 1, 15),
(16, 8, 1, 16),
(17, 8, 1, 17),
(18, 101, 2, 18),
(19, 101, 2, 19),
(20, 101, 2, 20),
(21, 101, 2, 21),
(22, 101, 2, 22),
(23, 101, 2, 23),
(24, 101, 2, 24),
(25, 101, 2, 25),
(26, 101, 2, 26),
(27, 101, 2, 27),
(28, 8, 1, 28),
(29, 12, 1, 29),
(30, 12, 1, 30),
(31, 8, 1, 31),
(32, 12, 1, 32),
(33, 8, 1, 33),
(34, 8, 1, 34),
(35, 12, 1, 35),
(36, 12, 1, 36),
(37, 8, 1, 37),
(38, 8, 1, 38),
(39, 12, 1, 39),
(40, 8, 1, 40),
(41, 8, 1, 41);

-- --------------------------------------------------------

--
-- Estructura de tabla para la tabla `ramos_PDI`
--

CREATE TABLE `ramos_PDI` (
  `ID_ramos_PDI` int(11) NOT NULL AUTO_INCREMENT,
  `ID_ramo` int(11) NOT NULL,
  `Cantidad_secciones` int(11) NOT NULL,
  `PDI_id_PDI` int(11) NOT NULL,
  PRIMARY KEY (`ID_ramos_PDI`,`PDI_id_PDI`),
  KEY `fk_Ramos_PDI_PDI_idx` (`PDI_id_PDI`)
) ENGINE=InnoDB  DEFAULT CHARSET=utf8 COLLATE=utf8_unicode_ci AUTO_INCREMENT=90 ;

--
-- Volcado de datos para la tabla `ramos_PDI`
--

INSERT INTO `ramos_PDI` (`ID_ramos_PDI`, `ID_ramo`, `Cantidad_secciones`, `PDI_id_PDI`) VALUES
(73, 101, 2, 18),
(74, 3, 1, 27),
(75, 12, 1, 28),
(76, 66, 1, 29),
(77, 279, 1, 30),
(78, 853, 1, 31),
(79, 8, 1, 32),
(80, 8, 1, 33),
(81, 66, 1, 34),
(82, 102, 1, 35),
(83, 103, 1, 36),
(84, 101, 1, 37),
(85, 102, 1, 38),
(86, 8, 1, 39),
(87, 234, 1, 40),
(88, 235, 1, 40),
(89, 101, 1, 41);

-- --------------------------------------------------------

--
-- Estructura de tabla para la tabla `salas`
--

CREATE TABLE `salas` (
  `ID_sala` int(11) NOT NULL AUTO_INCREMENT,
  `Edificio` varchar(45) CHARACTER SET utf8 COLLATE utf8_spanish2_ci NOT NULL,
  `Nombre_sala` varchar(45) CHARACTER SET utf8 COLLATE utf8_spanish2_ci NOT NULL,
  `Capacidad` int(11) NOT NULL,
  PRIMARY KEY (`ID_sala`)
) ENGINE=InnoDB  DEFAULT CHARSET=utf8 AUTO_INCREMENT=16 ;

--
-- Volcado de datos para la tabla `salas`
--

INSERT INTO `salas` (`ID_sala`, `Edificio`, `Nombre_sala`, `Capacidad`) VALUES
(0, 'Sin Edificio', 'Sin Sala', 0),
(1, 'M1', '101', 10),
(2, 'M1', '102', 10),
(3, 'M1', '103', 10),
(4, 'M1', '201', 10),
(5, 'M1', '202', 20),
(6, 'M1', '203', 20),
(7, 'M1', '301', 20),
(8, 'M1', '302', 30),
(9, 'M1', '303', 30),
(10, 'M2', '201', 40),
(11, 'M2', '202', 40),
(12, 'M2', '203', 50),
(13, 'M2', '204', 50),
(14, 'M2', '301', 100),
(15, 'M2', '302', 80);

-- --------------------------------------------------------

--
-- Estructura de tabla para la tabla `seccion_ramo_PDF`
--

CREATE TABLE `seccion_ramo_PDF` (
  `ID_seccion_ramo_PDF` int(11) NOT NULL AUTO_INCREMENT,
  `Numero_seccion` varchar(45) CHARACTER SET utf8 COLLATE utf8_spanish_ci NOT NULL,
  `Ramos_PDF_id_Ramos_PDF` int(11) NOT NULL,
  `Horario_1` int(11) NOT NULL,
  `Horario_2` int(11) NOT NULL,
  `Horario_3` int(11) NOT NULL DEFAULT '0',
  `Sala_1` int(11) NOT NULL,
  `Sala_2` int(11) NOT NULL,
  `Sala_3` int(11) NOT NULL DEFAULT '0',
  `Nombre_docente` varchar(45) CHARACTER SET utf8 COLLATE utf8_spanish_ci NOT NULL,
  `Cantidad_alumnos` int(11) NOT NULL,
  PRIMARY KEY (`ID_seccion_ramo_PDF`,`Ramos_PDF_id_Ramos_PDF`,`Horario_1`,`Horario_2`,`Horario_3`,`Sala_1`,`Sala_2`,`Sala_3`),
  KEY `fk_Horario1_ID_periodo_idx` (`Horario_1`),
  KEY `fk_Horario2_ID_periodo_idx` (`Horario_2`),
  KEY `fk_Horario3_ID_periodo_idx` (`Horario_3`),
  KEY `fk_Sala1_ID_sala_idx` (`Sala_1`),
  KEY `fk_Sala2_ID_sala_idx` (`Sala_2`),
  KEY `fk_Sala3_ID_sala_idx` (`Sala_3`),
  KEY `fk_Seccion_Ramo_PDF_Ramos_PDF1_idx` (`Ramos_PDF_id_Ramos_PDF`)
) ENGINE=InnoDB  DEFAULT CHARSET=utf8 AUTO_INCREMENT=50 ;

--
-- Volcado de datos para la tabla `seccion_ramo_PDF`
--

INSERT INTO `seccion_ramo_PDF` (`ID_seccion_ramo_PDF`, `Numero_seccion`, `Ramos_PDF_id_Ramos_PDF`, `Horario_1`, `Horario_2`, `Horario_3`, `Sala_1`, `Sala_2`, `Sala_3`, `Nombre_docente`, `Cantidad_alumnos`) VALUES
(7, '1', 4, 1, 5, 0, 1, 1, 2, '1', 1),
(8, '1', 5, 3, 12, 0, 1, 1, 1, '1', 1),
(9, '1', 6, 3, 12, 0, 1, 1, 1, '1', 2),
(10, '1', 7, 3, 12, 0, 2, 2, 2, '1', 1),
(11, '1', 8, 3, 12, 0, 1, 1, 2, '2', 1),
(12, '1', 9, 3, 4, 0, 1, 3, 1, '1', 1),
(13, '1', 10, 1, 5, 0, 1, 1, 1, '1', 10),
(14, '1', 11, 3, 4, 0, 1, 1, 0, '1', 10),
(15, '1', 12, 3, 4, 0, 1, 1, 0, '1', 9),
(16, '1', 13, 3, 4, 0, 1, 1, 0, '2', 8),
(17, '1', 14, 3, 4, 0, 2, 2, 0, '1', 7),
(18, '1', 15, 3, 4, 0, 1, 1, 0, '1', 6),
(19, '1', 16, 3, 4, 0, 2, 1, 0, '1', 10),
(20, '1', 17, 3, 4, 0, 1, 2, 0, '1', 4),
(21, '1', 18, 1, 2, 4, 1, 1, 1, '1', 3),
(22, '2', 18, 3, 5, 0, 1, 1, 0, '1', 3),
(23, '1', 19, 1, 2, 3, 1, 1, 1, '1', 10),
(24, '1', 20, 1, 2, 3, 1, 1, 1, '1', 10),
(25, '1', 21, 1, 2, 3, 1, 1, 1, '2', 10),
(26, '1', 22, 1, 2, 3, 1, 1, 1, '1', 10),
(27, '1', 23, 1, 2, 3, 1, 2, 2, '2', 10),
(28, '1', 24, 1, 2, 3, 1, 1, 1, '3', 10),
(29, '2', 24, 3, 5, 0, 2, 1, 0, '2', 10),
(30, '1', 25, 1, 2, 3, 1, 1, 1, '1', 10),
(31, '2', 25, 3, 5, 0, 2, 1, 0, '3', 10),
(32, '1', 26, 1, 2, 3, 1, 1, 1, '2', 10),
(33, '2', 26, 3, 5, 0, 1, 1, 0, '4', 10),
(34, '1', 27, 1, 2, 3, 1, 1, 1, '1', 10),
(35, '2', 27, 3, 5, 0, 2, 1, 0, '1', 10),
(36, '1', 28, 3, 4, 0, 1, 1, 0, '3', 10),
(37, '1', 29, 3, 12, 0, 1, 1, 0, '1', 10),
(38, '1', 30, 3, 12, 0, 1, 1, 0, '1', 10),
(39, '1', 31, 3, 4, 0, 1, 1, 0, '1', 10),
(40, '1', 32, 3, 12, 0, 1, 1, 0, '1', 10),
(41, '1', 33, 3, 4, 0, 1, 1, 0, '1', 10),
(42, '1', 34, 3, 4, 0, 1, 1, 0, '1', 10),
(43, '1', 35, 3, 12, 0, 1, 1, 0, '1', 10),
(44, '1', 36, 3, 12, 0, 1, 1, 0, '1', 10),
(45, '1', 37, 3, 4, 0, 1, 1, 0, '1', 10),
(46, '1', 38, 3, 4, 0, 1, 1, 0, '1', 10),
(47, '1', 39, 3, 12, 0, 1, 1, 0, '1', 10),
(48, '1', 40, 3, 4, 0, 1, 1, 0, '1', 10),
(49, '1', 41, 3, 4, 0, 1, 1, 0, '1', 10);

-- --------------------------------------------------------

--
-- Estructura de tabla para la tabla `seccion_ramo_PDI`
--

CREATE TABLE `seccion_ramo_PDI` (
  `ID_seccion_ramo_PDI` int(11) NOT NULL AUTO_INCREMENT,
  `Numero_seccion` varchar(45) CHARACTER SET utf8 COLLATE utf8_spanish_ci NOT NULL,
  `Ramos_PDI_id_Ramos_PDI` int(11) NOT NULL,
  `Horario_1` int(11) NOT NULL,
  `Horario_2` int(11) NOT NULL,
  `Horario_3` int(11) NOT NULL DEFAULT '0',
  PRIMARY KEY (`ID_seccion_ramo_PDI`,`Ramos_PDI_id_Ramos_PDI`,`Horario_3`,`Horario_2`,`Horario_1`),
  KEY `fk_Seccion_Ramo_PDI_Ramos_PDI1_idx` (`Ramos_PDI_id_Ramos_PDI`),
  KEY `fk_Horario2_ID_periodo_idx` (`Horario_2`),
  KEY `fk_Horario3_ID_periodo_idx` (`Horario_3`),
  KEY `fk_Horario1_ID_periodo_idx` (`Horario_1`)
) ENGINE=InnoDB  DEFAULT CHARSET=utf8 COLLATE=utf8_unicode_ci AUTO_INCREMENT=35 ;

--
-- Volcado de datos para la tabla `seccion_ramo_PDI`
--

INSERT INTO `seccion_ramo_PDI` (`ID_seccion_ramo_PDI`, `Numero_seccion`, `Ramos_PDI_id_Ramos_PDI`, `Horario_1`, `Horario_2`, `Horario_3`) VALUES
(17, '1', 73, 1, 2, 3),
(18, '2', 73, 3, 5, 0),
(19, '1', 74, 1, 5, 0),
(20, '1', 75, 3, 12, 0),
(21, '1', 76, 1, 2, 0),
(22, '1', 77, 3, 10, 0),
(23, '1', 78, 3, 11, 0),
(24, '1', 79, 3, 4, 0),
(25, '1', 80, 4, 9, 0),
(26, '1', 81, 1, 6, 0),
(27, '1', 82, 1, 2, 0),
(28, '1', 83, 1, 2, 0),
(29, '1', 84, 1, 2, 0),
(30, '1', 85, 1, 2, 0),
(31, '1', 86, 1, 2, 0),
(32, '1', 87, 1, 2, 0),
(33, '1', 88, 2, 3, 0),
(34, '1', 89, 1, 2, 0);

--
-- Restricciones para tablas volcadas
--

--
-- Filtros para la tabla `asignacion_salas`
--
ALTER TABLE `asignacion_salas`
  ADD CONSTRAINT `asignacion_salas_ibfk_1` FOREIGN KEY (`ID_PDF_asignacion`) REFERENCES `PDF` (`ID_PDF`),
  ADD CONSTRAINT `asignacion_salas_ibfk_2` FOREIGN KEY (`ID_ramos_asignacion`) REFERENCES `ramos_PDF` (`ID_ramos_PDF`),
  ADD CONSTRAINT `asignacion_salas_ibfk_3` FOREIGN KEY (`ID_seccion_asignacion`) REFERENCES `seccion_ramo_PDF` (`ID_seccion_ramo_PDF`),
  ADD CONSTRAINT `asignacion_salas_ibfk_4` FOREIGN KEY (`ID_periodo_asignacion`) REFERENCES `periodos` (`ID_periodo`),
  ADD CONSTRAINT `asignacion_salas_ibfk_5` FOREIGN KEY (`ID_sala_asignacion`) REFERENCES `salas` (`ID_sala`);

--
-- Filtros para la tabla `PDF`
--
ALTER TABLE `PDF`
  ADD CONSTRAINT `fk_Estado_PDF_estados_pdi_pdf_idx` FOREIGN KEY (`Estado_PDF`) REFERENCES `estados_pdi_pdf` (`ID_estado`) ON DELETE NO ACTION ON UPDATE NO ACTION,
  ADD CONSTRAINT `fk_PDF_carreras1` FOREIGN KEY (`carreras_ID_carrera`) REFERENCES `carreras` (`ID_carrera`) ON DELETE NO ACTION ON UPDATE NO ACTION,
  ADD CONSTRAINT `fk_PDF_departamentos1` FOREIGN KEY (`departamentos_ID_depto`) REFERENCES `departamentos` (`ID_depto`) ON DELETE NO ACTION ON UPDATE NO ACTION,
  ADD CONSTRAINT `fk_PDF_ID_PDI_idx` FOREIGN KEY (`ID_PDI`) REFERENCES `PDI` (`ID_PDI`) ON DELETE NO ACTION ON UPDATE NO ACTION;

--
-- Filtros para la tabla `PDI`
--
ALTER TABLE `PDI`
  ADD CONSTRAINT `fk_Estado_PDI_estados_pdi_pdf_idx` FOREIGN KEY (`Estado_PDI`) REFERENCES `estados_pdi_pdf` (`ID_estado`) ON DELETE NO ACTION ON UPDATE NO ACTION,
  ADD CONSTRAINT `fk_PDI_carreras1` FOREIGN KEY (`carreras_ID_carrera`) REFERENCES `carreras` (`ID_carrera`) ON DELETE NO ACTION ON UPDATE NO ACTION,
  ADD CONSTRAINT `fk_PDI_departamentos1` FOREIGN KEY (`departamentos_ID_depto`) REFERENCES `departamentos` (`ID_depto`) ON DELETE NO ACTION ON UPDATE NO ACTION;

--
-- Filtros para la tabla `ramos`
--
ALTER TABLE `ramos`
  ADD CONSTRAINT `fk_ramos_departamentos1` FOREIGN KEY (`departamentos_ID_depto`) REFERENCES `departamentos` (`ID_depto`) ON DELETE NO ACTION ON UPDATE NO ACTION;

--
-- Filtros para la tabla `ramos_PDF`
--
ALTER TABLE `ramos_PDF`
  ADD CONSTRAINT `fk_Ramos_PDF_PDF` FOREIGN KEY (`PDF_id_PDF`) REFERENCES `PDF` (`ID_PDF`) ON DELETE NO ACTION ON UPDATE NO ACTION;

--
-- Filtros para la tabla `ramos_PDI`
--
ALTER TABLE `ramos_PDI`
  ADD CONSTRAINT `fk_Ramos_PDI_PDI` FOREIGN KEY (`PDI_id_PDI`) REFERENCES `PDI` (`ID_PDI`) ON DELETE NO ACTION ON UPDATE NO ACTION;

--
-- Filtros para la tabla `seccion_ramo_PDF`
--
ALTER TABLE `seccion_ramo_PDF`
  ADD CONSTRAINT `fk_Horario1_ID_periodo_pdf` FOREIGN KEY (`Horario_1`) REFERENCES `periodos` (`ID_periodo`) ON DELETE NO ACTION ON UPDATE NO ACTION,
  ADD CONSTRAINT `fk_Horario2_ID_periodo_pdf` FOREIGN KEY (`Horario_2`) REFERENCES `periodos` (`ID_periodo`) ON DELETE NO ACTION ON UPDATE NO ACTION,
  ADD CONSTRAINT `fk_Horario3_ID_periodo_pdf` FOREIGN KEY (`Horario_3`) REFERENCES `periodos` (`ID_periodo`) ON DELETE NO ACTION ON UPDATE NO ACTION,
  ADD CONSTRAINT `fk_Sala1_ID_sala_pdf` FOREIGN KEY (`Sala_1`) REFERENCES `salas` (`ID_sala`) ON DELETE NO ACTION ON UPDATE NO ACTION,
  ADD CONSTRAINT `fk_Sala2_ID_sala_pdf` FOREIGN KEY (`Sala_2`) REFERENCES `salas` (`ID_sala`) ON DELETE NO ACTION ON UPDATE NO ACTION,
  ADD CONSTRAINT `fk_Sala3_ID_sala_pdf` FOREIGN KEY (`Sala_3`) REFERENCES `salas` (`ID_sala`) ON DELETE NO ACTION ON UPDATE NO ACTION,
  ADD CONSTRAINT `fk_Seccion_Ramo_PDF_Ramos_PDF1` FOREIGN KEY (`Ramos_PDF_id_Ramos_PDF`) REFERENCES `ramos_PDF` (`ID_ramos_PDF`) ON DELETE NO ACTION ON UPDATE NO ACTION;

--
-- Filtros para la tabla `seccion_ramo_PDI`
--
ALTER TABLE `seccion_ramo_PDI`
  ADD CONSTRAINT `fk_Horario1_ID_periodo` FOREIGN KEY (`Horario_1`) REFERENCES `periodos` (`ID_periodo`) ON DELETE NO ACTION ON UPDATE NO ACTION,
  ADD CONSTRAINT `fk_Horario2_ID_periodo` FOREIGN KEY (`Horario_2`) REFERENCES `periodos` (`ID_periodo`) ON DELETE NO ACTION ON UPDATE NO ACTION,
  ADD CONSTRAINT `fk_Horario3_ID_periodo` FOREIGN KEY (`Horario_3`) REFERENCES `periodos` (`ID_periodo`) ON DELETE NO ACTION ON UPDATE NO ACTION,
  ADD CONSTRAINT `fk_Seccion_Ramo_PDI_Ramos_PDI1` FOREIGN KEY (`Ramos_PDI_id_Ramos_PDI`) REFERENCES `ramos_PDI` (`ID_ramos_PDI`) ON DELETE NO ACTION ON UPDATE NO ACTION;
